date,q_cms
1979-01-01,
1979-01-02,
1979-01-03,
1979-01-04,
1979-01-05,
1979-01-06,
1979-01-07,
1979-01-08,
1979-01-09,
1979-01-10,
1979-01-11,
1979-01-12,
1979-01-13,
1979-01-14,
1979-01-15,
1979-01-16,
1979-01-17,
1979-01-18,
1979-01-19,
1979-01-20,
1979-01-21,
1979-01-22,
1979-01-23,
1979-01-24,
1979-01-25,
1979-01-26,
1979-01-27,
1979-01-28,
1979-01-29,
1979-01-30,
1979-01-31,
1979-02-01,
1979-02-02,
1979-02-03,
1979-02-04,
1979-02-05,
1979-02-06,
1979-02-07,
1979-02-08,
1979-02-09,
1979-02-10,
1979-02-11,
1979-02-12,
1979-02-13,
1979-02-14,
1979-02-15,
1979-02-16,
1979-02-17,
1979-02-18,
1979-02-19,
1979-02-20,
1979-02-21,
1979-02-22,
1979-02-23,
1979-02-24,
1979-02-25,
1979-02-26,
1979-02-27,
1979-02-28,
1979-03-01,
1979-03-02,
1979-03-03,
1979-03-04,
1979-03-05,
1979-03-06,
1979-03-07,
1979-03-08,
1979-03-09,
1979-03-10,
1979-03-11,
1979-03-12,
1979-03-13,
1979-03-14,
1979-03-15,
1979-03-16,
1979-03-17,
1979-03-18,
1979-03-19,
1979-03-20,
1979-03-21,
1979-03-22,
1979-03-23,
1979-03-24,
1979-03-25,
1979-03-26,
1979-03-27,
1979-03-28,
1979-03-29,
1979-03-30,
1979-03-31,
1979-04-01,
1979-04-02,
1979-04-03,
1979-04-04,
1979-04-05,
1979-04-06,
1979-04-07,
1979-04-08,
1979-04-09,
1979-04-10,
1979-04-11,
1979-04-12,
1979-04-13,
1979-04-14,
1979-04-15,
1979-04-16,
1979-04-17,
1979-04-18,
1979-04-19,
1979-04-20,
1979-04-21,
1979-04-22,
1979-04-23,
1979-04-24,
1979-04-25,
1979-04-26,
1979-04-27,
1979-04-28,
1979-04-29,
1979-04-30,
1979-05-01,
1979-05-02,
1979-05-03,
1979-05-04,
1979-05-05,
1979-05-06,
1979-05-07,
1979-05-08,
1979-05-09,
1979-05-10,
1979-05-11,
1979-05-12,
1979-05-13,
1979-05-14,
1979-05-15,
1979-05-16,
1979-05-17,
1979-05-18,
1979-05-19,
1979-05-20,
1979-05-21,51.6
1979-05-22,55
1979-05-23,61.6
1979-05-24,78.2
1979-05-25,101
1979-05-26,163
1979-05-27,293
1979-05-28,632
1979-05-29,917
1979-05-30,1310
1979-05-31,1770
1979-06-01,2100
1979-06-02,2300
1979-06-03,2400
1979-06-04,2060
1979-06-05,1830
1979-06-06,1750
1979-06-07,1440
1979-06-08,1240
1979-06-09,1280
1979-06-10,1030
1979-06-11,862
1979-06-12,793
1979-06-13,946
1979-06-14,951
1979-06-15,872
1979-06-16,765
1979-06-17,780
1979-06-18,772
1979-06-19,734
1979-06-20,718
1979-06-21,686
1979-06-22,726
1979-06-23,760
1979-06-24,780
1979-06-25,734
1979-06-26,676
1979-06-27,659
1979-06-28,680
1979-06-29,617
1979-06-30,573
1979-07-01,510
1979-07-02,372
1979-07-03,340
1979-07-04,308
1979-07-05,267
1979-07-06,244
1979-07-07,226
1979-07-08,212
1979-07-09,203
1979-07-10,208
1979-07-11,215
1979-07-12,210
1979-07-13,198
1979-07-14,187
1979-07-15,180
1979-07-16,170
1979-07-17,161
1979-07-18,155
1979-07-19,148
1979-07-20,144
1979-07-21,148
1979-07-22,148
1979-07-23,182
1979-07-24,210
1979-07-25,238
1979-07-26,229
1979-07-27,224
1979-07-28,226
1979-07-29,205
1979-07-30,254
1979-07-31,270
1979-08-01,244
1979-08-02,222
1979-08-03,208
1979-08-04,210
1979-08-05,238
1979-08-06,289
1979-08-07,513
1979-08-08,808
1979-08-09,760
1979-08-10,663
1979-08-11,676
1979-08-12,668
1979-08-13,626
1979-08-14,524
1979-08-15,443
1979-08-16,366
1979-08-17,296
1979-08-18,321
1979-08-19,305
1979-08-20,292
1979-08-21,276
1979-08-22,270
1979-08-23,305
1979-08-24,337
1979-08-25,405
1979-08-26,480
1979-08-27,672
1979-08-28,588
1979-08-29,577
1979-08-30,584
1979-08-31,558
1979-09-01,513
1979-09-02,472
1979-09-03,443
1979-09-04,402
1979-09-05,458
1979-09-06,676
1979-09-07,996
1979-09-08,1000
1979-09-09,902
1979-09-10,743
1979-09-11,709
1979-09-12,739
1979-09-13,659
1979-09-14,592
1979-09-15,558
1979-09-16,465
1979-09-17,385
1979-09-18,331
1979-09-19,289
1979-09-20,264
1979-09-21,241
1979-09-22,229
1979-09-23,212
1979-09-24,203
1979-09-25,192
1979-09-26,183
1979-09-27,178
1979-09-28,173
1979-09-29,158
1979-09-30,133
1979-10-01,131
1979-10-02,113
1979-10-03,101
1979-10-04,87.4
1979-10-05,81
1979-10-06,76.4
1979-10-07,74.5
1979-10-08,72.5
1979-10-09,71.8
1979-10-10,67.7
1979-10-11,
1979-10-12,
1979-10-13,
1979-10-14,
1979-10-15,
1979-10-16,
1979-10-17,
1979-10-18,
1979-10-19,
1979-10-20,
1979-10-21,
1979-10-22,
1979-10-23,
1979-10-24,
1979-10-25,
1979-10-26,
1979-10-27,
1979-10-28,
1979-10-29,
1979-10-30,
1979-10-31,
1979-11-01,
1979-11-02,
1979-11-03,
1979-11-04,
1979-11-05,
1979-11-06,
1979-11-07,
1979-11-08,
1979-11-09,
1979-11-10,
1979-11-11,
1979-11-12,
1979-11-13,
1979-11-14,
1979-11-15,
1979-11-16,
1979-11-17,
1979-11-18,
1979-11-19,
1979-11-20,
1979-11-21,
1979-11-22,
1979-11-23,
1979-11-24,
1979-11-25,
1979-11-26,
1979-11-27,
1979-11-28,
1979-11-29,
1979-11-30,
1979-12-01,
1979-12-02,
1979-12-03,
1979-12-04,
1979-12-05,
1979-12-06,
1979-12-07,
1979-12-08,
1979-12-09,
1979-12-10,
1979-12-11,
1979-12-12,
1979-12-13,
1979-12-14,
1979-12-15,
1979-12-16,
1979-12-17,
1979-12-18,
1979-12-19,
1979-12-20,
1979-12-21,
1979-12-22,
1979-12-23,
1979-12-24,
1979-12-25,
1979-12-26,
1979-12-27,
1979-12-28,
1979-12-29,
1979-12-30,
1979-12-31,
1980-01-01,
1980-01-02,
1980-01-03,
1980-01-04,
1980-01-05,
1980-01-06,
1980-01-07,
1980-01-08,
1980-01-09,
1980-01-10,
1980-01-11,
1980-01-12,
1980-01-13,
1980-01-14,
1980-01-15,
1980-01-16,
1980-01-17,
1980-01-18,
1980-01-19,
1980-01-20,
1980-01-21,
1980-01-22,
1980-01-23,
1980-01-24,
1980-01-25,
1980-01-26,
1980-01-27,
1980-01-28,
1980-01-29,
1980-01-30,
1980-01-31,
1980-02-01,
1980-02-02,
1980-02-03,
1980-02-04,
1980-02-05,
1980-02-06,
1980-02-07,
1980-02-08,
1980-02-09,
1980-02-10,
1980-02-11,
1980-02-12,
1980-02-13,
1980-02-14,
1980-02-15,
1980-02-16,
1980-02-17,
1980-02-18,
1980-02-19,
1980-02-20,
1980-02-21,
1980-02-22,
1980-02-23,
1980-02-24,
1980-02-25,
1980-02-26,
1980-02-27,
1980-02-28,
1980-02-29,
1980-03-01,
1980-03-02,
1980-03-03,
1980-03-04,
1980-03-05,
1980-03-06,
1980-03-07,
1980-03-08,
1980-03-09,
1980-03-10,
1980-03-11,
1980-03-12,
1980-03-13,
1980-03-14,
1980-03-15,
1980-03-16,
1980-03-17,
1980-03-18,
1980-03-19,
1980-03-20,
1980-03-21,
1980-03-22,
1980-03-23,
1980-03-24,
1980-03-25,
1980-03-26,
1980-03-27,
1980-03-28,
1980-03-29,
1980-03-30,
1980-03-31,
1980-04-01,
1980-04-02,
1980-04-03,
1980-04-04,
1980-04-05,
1980-04-06,
1980-04-07,
1980-04-08,
1980-04-09,
1980-04-10,
1980-04-11,
1980-04-12,
1980-04-13,
1980-04-14,
1980-04-15,
1980-04-16,
1980-04-17,
1980-04-18,
1980-04-19,
1980-04-20,
1980-04-21,
1980-04-22,
1980-04-23,
1980-04-24,
1980-04-25,
1980-04-26,
1980-04-27,
1980-04-28,
1980-04-29,
1980-04-30,
1980-05-01,
1980-05-02,
1980-05-03,
1980-05-04,
1980-05-05,
1980-05-06,
1980-05-07,
1980-05-08,
1980-05-09,
1980-05-10,
1980-05-11,
1980-05-12,
1980-05-13,
1980-05-14,
1980-05-15,
1980-05-16,
1980-05-17,
1980-05-18,
1980-05-19,
1980-05-20,
1980-05-21,116
1980-05-22,146
1980-05-23,176
1980-05-24,472
1980-05-25,1100
1980-05-26,1090
1980-05-27,1320
1980-05-28,1510
1980-05-29,1770
1980-05-30,1980
1980-05-31,1700
1980-06-01,1100
1980-06-02,1020
1980-06-03,931
1980-06-04,793
1980-06-05,668
1980-06-06,630
1980-06-07,613
1980-06-08,638
1980-06-09,672
1980-06-10,714
1980-06-11,722
1980-06-12,684
1980-06-13,655
1980-06-14,577
1980-06-15,502
1980-06-16,638
1980-06-17,897
1980-06-18,739
1980-06-19,573
1980-06-20,461
1980-06-21,395
1980-06-22,601
1980-06-23,936
1980-06-24,592
1980-06-25,502
1980-06-26,450
1980-06-27,350
1980-06-28,270
1980-06-29,248
1980-06-30,226
1980-07-01,215
1980-07-02,205
1980-07-03,210
1980-07-04,217
1980-07-05,226
1980-07-06,236
1980-07-07,231
1980-07-08,224
1980-07-09,206
1980-07-10,201
1980-07-11,191
1980-07-12,184
1980-07-13,177
1980-07-14,173
1980-07-15,173
1980-07-16,175
1980-07-17,182
1980-07-18,215
1980-07-19,302
1980-07-20,372
1980-07-21,356
1980-07-22,289
1980-07-23,229
1980-07-24,198
1980-07-25,182
1980-07-26,212
1980-07-27,363
1980-07-28,613
1980-07-29,926
1980-07-30,842
1980-07-31,714
1980-08-01,684
1980-08-02,622
1980-08-03,551
1980-08-04,363
1980-08-05,289
1980-08-06,267
1980-08-07,244
1980-08-08,264
1980-08-09,251
1980-08-10,248
1980-08-11,238
1980-08-12,233
1980-08-13,222
1980-08-14,212
1980-08-15,203
1980-08-16,196
1980-08-17,189
1980-08-18,180
1980-08-19,173
1980-08-20,163
1980-08-21,155
1980-08-22,152
1980-08-23,150
1980-08-24,146
1980-08-25,144
1980-08-26,144
1980-08-27,138
1980-08-28,129
1980-08-29,127
1980-08-30,133
1980-08-31,133
1980-09-01,133
1980-09-02,129
1980-09-03,123
1980-09-04,119
1980-09-05,116
1980-09-06,113
1980-09-07,113
1980-09-08,113
1980-09-09,112
1980-09-10,112
1980-09-11,110
1980-09-12,107
1980-09-13,107
1980-09-14,106
1980-09-15,105
1980-09-16,103
1980-09-17,102
1980-09-18,102
1980-09-19,102
1980-09-20,100
1980-09-21,100
1980-09-22,98.9
1980-09-23,98.9
1980-09-24,97.4
1980-09-25,97.4
1980-09-26,97.4
1980-09-27,97.4
1980-09-28,96
1980-09-29,96.4
1980-09-30,1.01
1980-10-01,
1980-10-02,
1980-10-03,
1980-10-04,
1980-10-05,
1980-10-06,
1980-10-07,
1980-10-08,
1980-10-09,
1980-10-10,
1980-10-11,
1980-10-12,
1980-10-13,
1980-10-14,
1980-10-15,
1980-10-16,
1980-10-17,
1980-10-18,
1980-10-19,
1980-10-20,
1980-10-21,
1980-10-22,
1980-10-23,
1980-10-24,
1980-10-25,
1980-10-26,
1980-10-27,
1980-10-28,
1980-10-29,
1980-10-30,
1980-10-31,
1980-11-01,
1980-11-02,
1980-11-03,
1980-11-04,
1980-11-05,
1980-11-06,
1980-11-07,
1980-11-08,
1980-11-09,
1980-11-10,
1980-11-11,
1980-11-12,
1980-11-13,
1980-11-14,
1980-11-15,
1980-11-16,
1980-11-17,
1980-11-18,
1980-11-19,
1980-11-20,
1980-11-21,
1980-11-22,
1980-11-23,
1980-11-24,
1980-11-25,
1980-11-26,
1980-11-27,
1980-11-28,
1980-11-29,
1980-11-30,
1980-12-01,
1980-12-02,
1980-12-03,
1980-12-04,
1980-12-05,
1980-12-06,
1980-12-07,
1980-12-08,
1980-12-09,
1980-12-10,
1980-12-11,
1980-12-12,
1980-12-13,
1980-12-14,
1980-12-15,
1980-12-16,
1980-12-17,
1980-12-18,
1980-12-19,
1980-12-20,
1980-12-21,
1980-12-22,
1980-12-23,
1980-12-24,
1980-12-25,
1980-12-26,
1980-12-27,
1980-12-28,
1980-12-29,
1980-12-30,
1980-12-31,
1981-01-01,
1981-01-02,
1981-01-03,
1981-01-04,
1981-01-05,
1981-01-06,
1981-01-07,
1981-01-08,
1981-01-09,
1981-01-10,
1981-01-11,
1981-01-12,
1981-01-13,
1981-01-14,
1981-01-15,
1981-01-16,
1981-01-17,
1981-01-18,
1981-01-19,
1981-01-20,
1981-01-21,
1981-01-22,
1981-01-23,
1981-01-24,
1981-01-25,
1981-01-26,
1981-01-27,
1981-01-28,
1981-01-29,
1981-01-30,
1981-01-31,
1981-02-01,
1981-02-02,
1981-02-03,
1981-02-04,
1981-02-05,
1981-02-06,
1981-02-07,
1981-02-08,
1981-02-09,
1981-02-10,
1981-02-11,
1981-02-12,
1981-02-13,
1981-02-14,
1981-02-15,
1981-02-16,
1981-02-17,
1981-02-18,
1981-02-19,
1981-02-20,
1981-02-21,
1981-02-22,
1981-02-23,
1981-02-24,
1981-02-25,
1981-02-26,
1981-02-27,
1981-02-28,
1981-03-01,
1981-03-02,
1981-03-03,
1981-03-04,
1981-03-05,
1981-03-06,
1981-03-07,
1981-03-08,
1981-03-09,
1981-03-10,
1981-03-11,
1981-03-12,
1981-03-13,
1981-03-14,
1981-03-15,
1981-03-16,
1981-03-17,
1981-03-18,
1981-03-19,
1981-03-20,
1981-03-21,
1981-03-22,
1981-03-23,
1981-03-24,
1981-03-25,
1981-03-26,
1981-03-27,
1981-03-28,
1981-03-29,
1981-03-30,
1981-03-31,
1981-04-01,
1981-04-02,
1981-04-03,
1981-04-04,
1981-04-05,
1981-04-06,
1981-04-07,
1981-04-08,
1981-04-09,
1981-04-10,
1981-04-11,
1981-04-12,
1981-04-13,
1981-04-14,
1981-04-15,
1981-04-16,
1981-04-17,
1981-04-18,
1981-04-19,
1981-04-20,
1981-04-21,
1981-04-22,
1981-04-23,
1981-04-24,
1981-04-25,
1981-04-26,
1981-04-27,
1981-04-28,
1981-04-29,
1981-04-30,
1981-05-01,
1981-05-02,
1981-05-03,
1981-05-04,
1981-05-05,
1981-05-06,
1981-05-07,
1981-05-08,
1981-05-09,
1981-05-10,
1981-05-11,
1981-05-12,
1981-05-13,
1981-05-14,
1981-05-15,
1981-05-16,
1981-05-17,
1981-05-18,
1981-05-19,
1981-05-20,
1981-05-21,71
1981-05-22,79.6
1981-05-23,172
1981-05-24,481
1981-05-25,453
1981-05-26,679
1981-05-27,927
1981-05-28,1220
1981-05-29,1370
1981-05-30,1360
1981-05-31,1440
1981-06-01,1580
1981-06-02,1630
1981-06-03,1490
1981-06-04,1390
1981-06-05,1240
1981-06-06,1110
1981-06-07,971
1981-06-08,785
1981-06-09,705
1981-06-10,747
1981-06-11,862
1981-06-12,760
1981-06-13,768
1981-06-14,626
1981-06-15,554
1981-06-16,605
1981-06-17,663
1981-06-18,663
1981-06-19,558
1981-06-20,558
1981-06-21,718
1981-06-22,613
1981-06-23,480
1981-06-24,388
1981-06-25,347
1981-06-26,283
1981-06-27,251
1981-06-28,210
1981-06-29,177
1981-06-30,155
1981-07-01,138
1981-07-02,127
1981-07-03,133
1981-07-04,138
1981-07-05,146
1981-07-06,144
1981-07-07,137
1981-07-08,131
1981-07-09,125
1981-07-10,117
1981-07-11,115
1981-07-12,110
1981-07-13,107
1981-07-14,105
1981-07-15,103
1981-07-16,103
1981-07-17,110
1981-07-18,229
1981-07-19,224
1981-07-20,461
1981-07-21,402
1981-07-22,142
1981-07-23,131
1981-07-24,127
1981-07-25,138
1981-07-26,286
1981-07-27,276
1981-07-28,257
1981-07-29,248
1981-07-30,476
1981-07-31,439
1981-08-01,363
1981-08-02,543
1981-08-03,597
1981-08-04,524
1981-08-05,388
1981-08-06,296
1981-08-07,257
1981-08-08,236
1981-08-09,231
1981-08-10,233
1981-08-11,226
1981-08-12,224
1981-08-13,254
1981-08-14,241
1981-08-15,229
1981-08-16,233
1981-08-17,233
1981-08-18,224
1981-08-19,224
1981-08-20,231
1981-08-21,224
1981-08-22,222
1981-08-23,217
1981-08-24,206
1981-08-25,194
1981-08-26,182
1981-08-27,184
1981-08-28,182
1981-08-29,180
1981-08-30,184
1981-08-31,196
1981-09-01,210
1981-09-02,208
1981-09-03,224
1981-09-04,236
1981-09-05,224
1981-09-06,215
1981-09-07,201
1981-09-08,191
1981-09-09,182
1981-09-10,177
1981-09-11,170
1981-09-12,163
1981-09-13,159
1981-09-14,155
1981-09-15,159
1981-09-16,170
1981-09-17,173
1981-09-18,170
1981-09-19,166
1981-09-20,161
1981-09-21,161
1981-09-22,159
1981-09-23,155
1981-09-24,153
1981-09-25,150
1981-09-26,150
1981-09-27,148
1981-09-28,144
1981-09-29,146
1981-09-30,146
1981-10-01,142
1981-10-02,140
1981-10-03,138
1981-10-04,142
1981-10-05,155
1981-10-06,152
1981-10-07,150
1981-10-08,148
1981-10-09,150
1981-10-10,152
1981-10-11,148
1981-10-12,150
1981-10-13,147
1981-10-14,146
1981-10-15,140
1981-10-16,145
1981-10-17,140
1981-10-18,133
1981-10-19,133
1981-10-20,126
1981-10-21,
1981-10-22,
1981-10-23,
1981-10-24,
1981-10-25,
1981-10-26,
1981-10-27,
1981-10-28,
1981-10-29,
1981-10-30,
1981-10-31,
1981-11-01,
1981-11-02,
1981-11-03,
1981-11-04,
1981-11-05,
1981-11-06,
1981-11-07,
1981-11-08,
1981-11-09,
1981-11-10,
1981-11-11,
1981-11-12,
1981-11-13,
1981-11-14,
1981-11-15,
1981-11-16,
1981-11-17,
1981-11-18,
1981-11-19,
1981-11-20,
1981-11-21,
1981-11-22,
1981-11-23,
1981-11-24,
1981-11-25,
1981-11-26,
1981-11-27,
1981-11-28,
1981-11-29,
1981-11-30,
1981-12-01,
1981-12-02,
1981-12-03,
1981-12-04,
1981-12-05,
1981-12-06,
1981-12-07,
1981-12-08,
1981-12-09,
1981-12-10,
1981-12-11,
1981-12-12,
1981-12-13,
1981-12-14,
1981-12-15,
1981-12-16,
1981-12-17,
1981-12-18,
1981-12-19,
1981-12-20,
1981-12-21,
1981-12-22,
1981-12-23,
1981-12-24,
1981-12-25,
1981-12-26,
1981-12-27,
1981-12-28,
1981-12-29,
1981-12-30,
1981-12-31,
1982-01-01,
1982-01-02,
1982-01-03,
1982-01-04,
1982-01-05,
1982-01-06,
1982-01-07,
1982-01-08,
1982-01-09,
1982-01-10,
1982-01-11,
1982-01-12,
1982-01-13,
1982-01-14,
1982-01-15,
1982-01-16,
1982-01-17,
1982-01-18,
1982-01-19,
1982-01-20,
1982-01-21,
1982-01-22,
1982-01-23,
1982-01-24,
1982-01-25,
1982-01-26,
1982-01-27,
1982-01-28,
1982-01-29,
1982-01-30,
1982-01-31,
1982-02-01,
1982-02-02,
1982-02-03,
1982-02-04,
1982-02-05,
1982-02-06,
1982-02-07,
1982-02-08,
1982-02-09,
1982-02-10,
1982-02-11,
1982-02-12,
1982-02-13,
1982-02-14,
1982-02-15,
1982-02-16,
1982-02-17,
1982-02-18,
1982-02-19,
1982-02-20,
1982-02-21,
1982-02-22,
1982-02-23,
1982-02-24,
1982-02-25,
1982-02-26,
1982-02-27,
1982-02-28,
1982-03-01,
1982-03-02,
1982-03-03,
1982-03-04,
1982-03-05,
1982-03-06,
1982-03-07,
1982-03-08,
1982-03-09,
1982-03-10,
1982-03-11,
1982-03-12,
1982-03-13,
1982-03-14,
1982-03-15,
1982-03-16,
1982-03-17,
1982-03-18,
1982-03-19,
1982-03-20,
1982-03-21,
1982-03-22,
1982-03-23,
1982-03-24,
1982-03-25,
1982-03-26,
1982-03-27,
1982-03-28,
1982-03-29,
1982-03-30,
1982-03-31,
1982-04-01,
1982-04-02,
1982-04-03,
1982-04-04,
1982-04-05,
1982-04-06,
1982-04-07,
1982-04-08,
1982-04-09,
1982-04-10,
1982-04-11,
1982-04-12,
1982-04-13,
1982-04-14,
1982-04-15,
1982-04-16,
1982-04-17,
1982-04-18,
1982-04-19,
1982-04-20,
1982-04-21,
1982-04-22,
1982-04-23,
1982-04-24,
1982-04-25,
1982-04-26,
1982-04-27,
1982-04-28,
1982-04-29,
1982-04-30,
1982-05-01,
1982-05-02,
1982-05-03,
1982-05-04,
1982-05-05,
1982-05-06,
1982-05-07,
1982-05-08,
1982-05-09,
1982-05-10,
1982-05-11,
1982-05-12,
1982-05-13,
1982-05-14,
1982-05-15,
1982-05-16,
1982-05-17,
1982-05-18,
1982-05-19,
1982-05-20,
1982-05-21,
1982-05-22,
1982-05-23,
1982-05-24,
1982-05-25,
1982-05-26,
1982-05-27,
1982-05-28,
1982-05-29,
1982-05-30,
1982-05-31,
1982-06-01,179
1982-06-02,392
1982-06-03,643
1982-06-04,783
1982-06-05,1000
1982-06-06,1300
1982-06-07,1450
1982-06-08,1490
1982-06-09,1340
1982-06-10,1460
1982-06-11,1810
1982-06-12,1780
1982-06-13,1490
1982-06-14,1340
1982-06-15,1300
1982-06-16,1280
1982-06-17,1240
1982-06-18,1150
1982-06-19,1030
1982-06-20,941
1982-06-21,857
1982-06-22,808
1982-06-23,798
1982-06-24,897
1982-06-25,907
1982-06-26,828
1982-06-27,768
1982-06-28,739
1982-06-29,751
1982-06-30,688
1982-07-01,480
1982-07-02,363
1982-07-03,289
1982-07-04,347
1982-07-05,487
1982-07-06,697
1982-07-07,626
1982-07-08,609
1982-07-09,601
1982-07-10,554
1982-07-11,395
1982-07-12,382
1982-07-13,356
1982-07-14,315
1982-07-15,399
1982-07-16,302
1982-07-17,299
1982-07-18,379
1982-07-19,385
1982-07-20,350
1982-07-21,369
1982-07-22,388
1982-07-23,382
1982-07-24,385
1982-07-25,398
1982-07-26,312
1982-07-27,267
1982-07-28,248
1982-07-29,222
1982-07-30,196
1982-07-31,182
1982-08-01,173
1982-08-02,180
1982-08-03,280
1982-08-04,431
1982-08-05,321
1982-08-06,254
1982-08-07,328
1982-08-08,405
1982-08-09,428
1982-08-10,558
1982-08-11,592
1982-08-12,498
1982-08-13,405
1982-08-14,353
1982-08-15,264
1982-08-16,251
1982-08-17,248
1982-08-18,212
1982-08-19,196
1982-08-20,196
1982-08-21,231
1982-08-22,233
1982-08-23,229
1982-08-24,208
1982-08-25,189
1982-08-26,182
1982-08-27,173
1982-08-28,173
1982-08-29,168
1982-08-30,163
1982-08-31,163
1982-09-01,170
1982-09-02,187
1982-09-03,203
1982-09-04,267
1982-09-05,513
1982-09-06,672
1982-09-07,916
1982-09-08,837
1982-09-09,663
1982-09-10,554
1982-09-11,510
1982-09-12,446
1982-09-13,413
1982-09-14,388
1982-09-15,315
1982-09-16,264
1982-09-17,267
1982-09-18,251
1982-09-19,231
1982-09-20,219
1982-09-21,210
1982-09-22,203
1982-09-23,191
1982-09-24,184
1982-09-25,184
1982-09-26,196
1982-09-27,210
1982-09-28,222
1982-09-29,257
1982-09-30,248
1982-10-01,229
1982-10-02,215
1982-10-03,208
1982-10-04,203
1982-10-05,191
1982-10-06,178
1982-10-07,167
1982-10-08,158
1982-10-09,153
1982-10-10,145
1982-10-11,126
1982-10-12,105
1982-10-13,93.4
1982-10-14,86.9
1982-10-15,78.2
1982-10-16,73.4
1982-10-17,68.5
1982-10-18,63.4
1982-10-19,60.3
1982-10-20,59.5
1982-10-21,
1982-10-22,
1982-10-23,
1982-10-24,
1982-10-25,
1982-10-26,
1982-10-27,
1982-10-28,
1982-10-29,
1982-10-30,
1982-10-31,
1982-11-01,
1982-11-02,
1982-11-03,
1982-11-04,
1982-11-05,
1982-11-06,
1982-11-07,
1982-11-08,
1982-11-09,
1982-11-10,
1982-11-11,
1982-11-12,
1982-11-13,
1982-11-14,
1982-11-15,
1982-11-16,
1982-11-17,
1982-11-18,
1982-11-19,
1982-11-20,
1982-11-21,
1982-11-22,
1982-11-23,
1982-11-24,
1982-11-25,
1982-11-26,
1982-11-27,
1982-11-28,
1982-11-29,
1982-11-30,
1982-12-01,
1982-12-02,
1982-12-03,
1982-12-04,
1982-12-05,
1982-12-06,
1982-12-07,
1982-12-08,
1982-12-09,
1982-12-10,
1982-12-11,
1982-12-12,
1982-12-13,
1982-12-14,
1982-12-15,
1982-12-16,
1982-12-17,
1982-12-18,
1982-12-19,
1982-12-20,
1982-12-21,
1982-12-22,
1982-12-23,
1982-12-24,
1982-12-25,
1982-12-26,
1982-12-27,
1982-12-28,
1982-12-29,
1982-12-30,
1982-12-31,
1983-01-01,
1983-01-02,
1983-01-03,
1983-01-04,
1983-01-05,
1983-01-06,
1983-01-07,
1983-01-08,
1983-01-09,
1983-01-10,
1983-01-11,
1983-01-12,
1983-01-13,
1983-01-14,
1983-01-15,
1983-01-16,
1983-01-17,
1983-01-18,
1983-01-19,
1983-01-20,
1983-01-21,
1983-01-22,
1983-01-23,
1983-01-24,
1983-01-25,
1983-01-26,
1983-01-27,
1983-01-28,
1983-01-29,
1983-01-30,
1983-01-31,
1983-02-01,
1983-02-02,
1983-02-03,
1983-02-04,
1983-02-05,
1983-02-06,
1983-02-07,
1983-02-08,
1983-02-09,
1983-02-10,
1983-02-11,
1983-02-12,
1983-02-13,
1983-02-14,
1983-02-15,
1983-02-16,
1983-02-17,
1983-02-18,
1983-02-19,
1983-02-20,
1983-02-21,
1983-02-22,
1983-02-23,
1983-02-24,
1983-02-25,
1983-02-26,
1983-02-27,
1983-02-28,
1983-03-01,
1983-03-02,
1983-03-03,
1983-03-04,
1983-03-05,
1983-03-06,
1983-03-07,
1983-03-08,
1983-03-09,
1983-03-10,
1983-03-11,
1983-03-12,
1983-03-13,
1983-03-14,
1983-03-15,
1983-03-16,
1983-03-17,
1983-03-18,
1983-03-19,
1983-03-20,
1983-03-21,
1983-03-22,
1983-03-23,
1983-03-24,
1983-03-25,
1983-03-26,
1983-03-27,
1983-03-28,
1983-03-29,
1983-03-30,
1983-03-31,
1983-04-01,
1983-04-02,
1983-04-03,
1983-04-04,
1983-04-05,
1983-04-06,
1983-04-07,
1983-04-08,
1983-04-09,
1983-04-10,
1983-04-11,
1983-04-12,
1983-04-13,
1983-04-14,
1983-04-15,
1983-04-16,
1983-04-17,
1983-04-18,
1983-04-19,
1983-04-20,
1983-04-21,
1983-04-22,
1983-04-23,
1983-04-24,
1983-04-25,
1983-04-26,
1983-04-27,
1983-04-28,
1983-04-29,
1983-04-30,
1983-05-01,8.63
1983-05-02,8.87
1983-05-03,9.19
1983-05-04,9.28
1983-05-05,9.28
1983-05-06,9.28
1983-05-07,9.37
1983-05-08,9.62
1983-05-09,9.62
1983-05-10,9.71
1983-05-11,9.71
1983-05-12,9.71
1983-05-13,11.4
1983-05-14,12.3
1983-05-15,14.6
1983-05-16,16.5
1983-05-17,18
1983-05-18,20.4
1983-05-19,23.4
1983-05-20,26.3
1983-05-21,29.2
1983-05-22,31.3
1983-05-23,35.1
1983-05-24,39.9
1983-05-25,50.3
1983-05-26,135
1983-05-27,222
1983-05-28,523
1983-05-29,836
1983-05-30,1140
1983-05-31,1380
1983-06-01,1650
1983-06-02,1920
1983-06-03,1620
1983-06-04,1110
1983-06-05,880
1983-06-06,956
1983-06-07,876
1983-06-08,841
1983-06-09,898
1983-06-10,1080
1983-06-11,1060
1983-06-12,994
1983-06-13,1440
1983-06-14,1460
1983-06-15,1290
1983-06-16,743
1983-06-17,704
1983-06-18,739
1983-06-19,623
1983-06-20,
1983-06-21,636
1983-06-22,726
1983-06-23,679
1983-06-24,700
1983-06-25,640
1983-06-26,619
1983-06-27,563
1983-06-28,533
1983-06-29,468
1983-06-30,408
1983-07-01,382
1983-07-02,337
1983-07-03,327
1983-07-04,349
1983-07-05,334
1983-07-06,311
1983-07-07,305
1983-07-08,295
1983-07-09,317
1983-07-10,320
1983-07-11,292
1983-07-12,266
1983-07-13,247
1983-07-14,231
1983-07-15,222
1983-07-16,212
1983-07-17,212
1983-07-18,251
1983-07-19,657
1983-07-20,666
1983-07-21,610
1983-07-22,632
1983-07-23,542
1983-07-24,456
1983-07-25,327
1983-07-26,282
1983-07-27,251
1983-07-28,228
1983-07-29,216
1983-07-30,200
1983-07-31,187
1983-08-01,209
1983-08-02,251
1983-08-03,260
1983-08-04,270
1983-08-05,430
1983-08-06,505
1983-08-07,490
1983-08-08,442
1983-08-09,363
1983-08-10,317
1983-08-11,289
1983-08-12,266
1983-08-13,257
1983-08-14,349
1983-08-15,512
1983-08-16,533
1983-08-17,483
1983-08-18,408
1983-08-19,352
1983-08-20,314
1983-08-21,298
1983-08-22,279
1983-08-23,251
1983-08-24,222
1983-08-25,190
1983-08-26,168
1983-08-27,154
1983-08-28,134
1983-08-29,125
1983-08-30,114
1983-08-31,104
1983-09-01,104
1983-09-02,125
1983-09-03,148
1983-09-04,
1983-09-05,151
1983-09-06,139
1983-09-07,125
1983-09-08,114
1983-09-09,104
1983-09-10,104
1983-09-11,107
1983-09-12,125
1983-09-13,157
1983-09-14,193
1983-09-15,184
1983-09-16,154
1983-09-17,137
1983-09-18,119
1983-09-19,114
1983-09-20,125
1983-09-21,142
1983-09-22,187
1983-09-23,200
1983-09-24,190
1983-09-25,184
1983-09-26,184
1983-09-27,177
1983-09-28,206
1983-09-29,209
1983-09-30,212
1983-10-01,206
1983-10-02,187
1983-10-03,168
1983-10-04,151
1983-10-05,145
1983-10-06,134
1983-10-07,129
1983-10-08,121
1983-10-09,118
1983-10-10,111
1983-10-11,
1983-10-12,
1983-10-13,
1983-10-14,
1983-10-15,
1983-10-16,
1983-10-17,
1983-10-18,
1983-10-19,
1983-10-20,
1983-10-21,
1983-10-22,
1983-10-23,
1983-10-24,
1983-10-25,
1983-10-26,
1983-10-27,
1983-10-28,
1983-10-29,
1983-10-30,
1983-10-31,
1983-11-01,
1983-11-02,
1983-11-03,
1983-11-04,
1983-11-05,
1983-11-06,
1983-11-07,
1983-11-08,
1983-11-09,
1983-11-10,
1983-11-11,
1983-11-12,
1983-11-13,
1983-11-14,
1983-11-15,
1983-11-16,
1983-11-17,
1983-11-18,
1983-11-19,
1983-11-20,
1983-11-21,
1983-11-22,
1983-11-23,
1983-11-24,
1983-11-25,
1983-11-26,
1983-11-27,
1983-11-28,
1983-11-29,
1983-11-30,
1983-12-01,
1983-12-02,
1983-12-03,
1983-12-04,
1983-12-05,
1983-12-06,
1983-12-07,
1983-12-08,
1983-12-09,
1983-12-10,
1983-12-11,
1983-12-12,
1983-12-13,
1983-12-14,
1983-12-15,
1983-12-16,
1983-12-17,
1983-12-18,
1983-12-19,
1983-12-20,
1983-12-21,
1983-12-22,
1983-12-23,
1983-12-24,
1983-12-25,
1983-12-26,
1983-12-27,
1983-12-28,
1983-12-29,
1983-12-30,
1983-12-31,
1984-01-01,
1984-01-02,
1984-01-03,
1984-01-04,
1984-01-05,
1984-01-06,
1984-01-07,
1984-01-08,
1984-01-09,
1984-01-10,
1984-01-11,
1984-01-12,
1984-01-13,
1984-01-14,
1984-01-15,
1984-01-16,
1984-01-17,
1984-01-18,
1984-01-19,
1984-01-20,
1984-01-21,
1984-01-22,
1984-01-23,
1984-01-24,
1984-01-25,
1984-01-26,
1984-01-27,
1984-01-28,
1984-01-29,
1984-01-30,
1984-01-31,
1984-02-01,
1984-02-02,
1984-02-03,
1984-02-04,
1984-02-05,
1984-02-06,
1984-02-07,
1984-02-08,
1984-02-09,
1984-02-10,
1984-02-11,
1984-02-12,
1984-02-13,
1984-02-14,
1984-02-15,
1984-02-16,
1984-02-17,
1984-02-18,
1984-02-19,
1984-02-20,
1984-02-21,
1984-02-22,
1984-02-23,
1984-02-24,
1984-02-25,
1984-02-26,
1984-02-27,
1984-02-28,
1984-02-29,
1984-03-01,
1984-03-02,
1984-03-03,
1984-03-04,
1984-03-05,
1984-03-06,
1984-03-07,
1984-03-08,
1984-03-09,
1984-03-10,
1984-03-11,
1984-03-12,
1984-03-13,
1984-03-14,
1984-03-15,
1984-03-16,
1984-03-17,
1984-03-18,
1984-03-19,
1984-03-20,
1984-03-21,
1984-03-22,
1984-03-23,
1984-03-24,
1984-03-25,
1984-03-26,
1984-03-27,
1984-03-28,
1984-03-29,
1984-03-30,
1984-03-31,
1984-04-01,
1984-04-02,
1984-04-03,
1984-04-04,
1984-04-05,
1984-04-06,
1984-04-07,
1984-04-08,
1984-04-09,
1984-04-10,
1984-04-11,
1984-04-12,
1984-04-13,
1984-04-14,
1984-04-15,
1984-04-16,
1984-04-17,
1984-04-18,
1984-04-19,
1984-04-20,
1984-04-21,
1984-04-22,
1984-04-23,
1984-04-24,
1984-04-25,
1984-04-26,
1984-04-27,
1984-04-28,
1984-04-29,
1984-04-30,
1984-05-01,
1984-05-02,
1984-05-03,
1984-05-04,
1984-05-05,
1984-05-06,
1984-05-07,
1984-05-08,
1984-05-09,
1984-05-10,
1984-05-11,
1984-05-12,
1984-05-13,
1984-05-14,
1984-05-15,
1984-05-16,
1984-05-17,
1984-05-18,
1984-05-19,
1984-05-20,787
1984-05-21,829
1984-05-22,880
1984-05-23,1040
1984-05-24,851
1984-05-25,642
1984-05-26,524
1984-05-27,518
1984-05-28,466
1984-05-29,659
1984-05-30,1080
1984-05-31,781
1984-06-01,654
1984-06-02,716
1984-06-03,723
1984-06-04,710
1984-06-05,748
1984-06-06,873
1984-06-07,1100
1984-06-08,1020
1984-06-09,1020
1984-06-10,887
1984-06-11,902
1984-06-12,991
1984-06-13,953
1984-06-14,787
1984-06-15,703
1984-06-16,742
1984-06-17,697
1984-06-18,829
1984-06-19,794
1984-06-20,567
1984-06-21,431
1984-06-22,346
1984-06-23,397
1984-06-24,297
1984-06-25,255
1984-06-26,258
1984-06-27,225
1984-06-28,199
1984-06-29,185
1984-06-30,168
1984-07-01,197
1984-07-02,368
1984-07-03,326
1984-07-04,267
1984-07-05,234
1984-07-06,213
1984-07-07,199
1984-07-08,201
1984-07-09,175
1984-07-10,166
1984-07-11,178
1984-07-12,219
1984-07-13,216
1984-07-14,204
1984-07-15,166
1984-07-16,132
1984-07-17,124
1984-07-18,117
1984-07-19,111
1984-07-20,107
1984-07-21,102
1984-07-22,100
1984-07-23,106
1984-07-24,113
1984-07-25,136
1984-07-26,192
1984-07-27,216
1984-07-28,322
1984-07-29,596
1984-07-30,880
1984-07-31,671
1984-08-01,665
1984-08-02,665
1984-08-03,529
1984-08-04,402
1984-08-05,322
1984-08-06,231
1984-08-07,208
1984-08-08,192
1984-08-09,166
1984-08-10,166
1984-08-11,164
1984-08-12,160
1984-08-13,158
1984-08-14,199
1984-08-15,416
1984-08-16,596
1984-08-17,539
1984-08-18,513
1984-08-19,426
1984-08-20,368
1984-08-21,297
1984-08-22,281
1984-08-23,281
1984-08-24,277
1984-08-25,264
1984-08-26,231
1984-08-27,206
1984-08-28,194
1984-08-29,180
1984-08-30,126
1984-08-31,122
1984-09-01,119
1984-09-02,119
1984-09-03,117
1984-09-04,119
1984-09-05,270
1984-09-06,787
1984-09-07,1100
1984-09-08,768
1984-09-09,590
1984-09-10,545
1984-09-11,476
1984-09-12,402
1984-09-13,330
1984-09-14,285
1984-09-15,255
1984-09-16,234
1984-09-17,216
1984-09-18,204
1984-09-19,204
1984-09-20,219
1984-09-21,249
1984-09-22,301
1984-09-23,314
1984-09-24,277
1984-09-25,285
1984-09-26,305
1984-09-27,289
1984-09-28,281
1984-09-29,273
1984-09-30,270
1984-10-01,273
1984-10-02,301
1984-10-03,301
1984-10-04,277
1984-10-05,267
1984-10-06,234
1984-10-07,199
1984-10-08,
1984-10-09,
1984-10-10,
1984-10-11,
1984-10-12,
1984-10-13,
1984-10-14,
1984-10-15,
1984-10-16,
1984-10-17,
1984-10-18,
1984-10-19,
1984-10-20,
1984-10-21,
1984-10-22,
1984-10-23,
1984-10-24,
1984-10-25,
1984-10-26,
1984-10-27,
1984-10-28,
1984-10-29,
1984-10-30,
1984-10-31,
1984-11-01,
1984-11-02,
1984-11-03,
1984-11-04,
1984-11-05,
1984-11-06,
1984-11-07,
1984-11-08,
1984-11-09,
1984-11-10,
1984-11-11,
1984-11-12,
1984-11-13,
1984-11-14,
1984-11-15,
1984-11-16,
1984-11-17,
1984-11-18,
1984-11-19,
1984-11-20,
1984-11-21,
1984-11-22,
1984-11-23,
1984-11-24,
1984-11-25,
1984-11-26,
1984-11-27,
1984-11-28,
1984-11-29,
1984-11-30,
1984-12-01,
1984-12-02,
1984-12-03,
1984-12-04,
1984-12-05,
1984-12-06,
1984-12-07,
1984-12-08,
1984-12-09,
1984-12-10,
1984-12-11,
1984-12-12,
1984-12-13,
1984-12-14,
1984-12-15,
1984-12-16,
1984-12-17,
1984-12-18,
1984-12-19,
1984-12-20,
1984-12-21,
1984-12-22,
1984-12-23,
1984-12-24,
1984-12-25,
1984-12-26,
1984-12-27,
1984-12-28,
1984-12-29,
1984-12-30,
1984-12-31,
1985-01-01,
1985-01-02,
1985-01-03,
1985-01-04,
1985-01-05,
1985-01-06,
1985-01-07,
1985-01-08,
1985-01-09,
1985-01-10,
1985-01-11,
1985-01-12,
1985-01-13,
1985-01-14,
1985-01-15,
1985-01-16,
1985-01-17,
1985-01-18,
1985-01-19,
1985-01-20,
1985-01-21,
1985-01-22,
1985-01-23,
1985-01-24,
1985-01-25,
1985-01-26,
1985-01-27,
1985-01-28,
1985-01-29,
1985-01-30,
1985-01-31,
1985-02-01,
1985-02-02,
1985-02-03,
1985-02-04,
1985-02-05,
1985-02-06,
1985-02-07,
1985-02-08,
1985-02-09,
1985-02-10,
1985-02-11,
1985-02-12,
1985-02-13,
1985-02-14,
1985-02-15,
1985-02-16,
1985-02-17,
1985-02-18,
1985-02-19,
1985-02-20,
1985-02-21,
1985-02-22,
1985-02-23,
1985-02-24,
1985-02-25,
1985-02-26,
1985-02-27,
1985-02-28,
1985-03-01,
1985-03-02,
1985-03-03,
1985-03-04,
1985-03-05,
1985-03-06,
1985-03-07,
1985-03-08,
1985-03-09,
1985-03-10,
1985-03-11,
1985-03-12,
1985-03-13,
1985-03-14,
1985-03-15,
1985-03-16,
1985-03-17,
1985-03-18,
1985-03-19,
1985-03-20,
1985-03-21,
1985-03-22,
1985-03-23,
1985-03-24,
1985-03-25,
1985-03-26,
1985-03-27,
1985-03-28,
1985-03-29,
1985-03-30,
1985-03-31,
1985-04-01,
1985-04-02,
1985-04-03,
1985-04-04,
1985-04-05,
1985-04-06,
1985-04-07,
1985-04-08,
1985-04-09,
1985-04-10,
1985-04-11,
1985-04-12,
1985-04-13,
1985-04-14,
1985-04-15,
1985-04-16,
1985-04-17,
1985-04-18,
1985-04-19,
1985-04-20,
1985-04-21,
1985-04-22,
1985-04-23,
1985-04-24,
1985-04-25,
1985-04-26,
1985-04-27,
1985-04-28,
1985-04-29,
1985-04-30,
1985-05-01,
1985-05-02,
1985-05-03,
1985-05-04,
1985-05-05,
1985-05-06,
1985-05-07,
1985-05-08,
1985-05-09,
1985-05-10,
1985-05-11,
1985-05-12,
1985-05-13,
1985-05-14,
1985-05-15,
1985-05-16,
1985-05-17,
1985-05-18,
1985-05-19,
1985-05-20,
1985-05-21,
1985-05-22,
1985-05-23,
1985-05-24,
1985-05-25,
1985-05-26,
1985-05-27,
1985-05-28,
1985-05-29,
1985-05-30,
1985-05-31,
1985-06-01,961
1985-06-02,1280
1985-06-03,1310
1985-06-04,1350
1985-06-05,1270
1985-06-06,1340
1985-06-07,1510
1985-06-08,1670
1985-06-09,1990
1985-06-10,2630
1985-06-11,3400
1985-06-12,3110
1985-06-13,2360
1985-06-14,2410
1985-06-15,2500
1985-06-16,2060
1985-06-17,1380
1985-06-18,983
1985-06-19,826
1985-06-20,784
1985-06-21,759
1985-06-22,738
1985-06-23,797
1985-06-24,848
1985-06-25,793
1985-06-26,801
1985-06-27,886
1985-06-28,886
1985-06-29,793
1985-06-30,598
1985-07-01,509
1985-07-02,515
1985-07-03,464
1985-07-04,402
1985-07-05,366
1985-07-06,332
1985-07-07,310
1985-07-08,297
1985-07-09,290
1985-07-10,248
1985-07-11,235
1985-07-12,220
1985-07-13,192
1985-07-14,185
1985-07-15,183
1985-07-16,183
1985-07-17,180
1985-07-18,187
1985-07-19,204
1985-07-20,207
1985-07-21,254
1985-07-22,254
1985-07-23,241
1985-07-24,233
1985-07-25,223
1985-07-26,194
1985-07-27,189
1985-07-28,187
1985-07-29,183
1985-07-30,180
1985-07-31,185
1985-08-01,174
1985-08-02,167
1985-08-03,161
1985-08-04,154
1985-08-05,154
1985-08-06,172
1985-08-07,187
1985-08-08,176
1985-08-09,183
1985-08-10,223
1985-08-11,259
1985-08-12,233
1985-08-13,220
1985-08-14,212
1985-08-15,202
1985-08-16,202
1985-08-17,204
1985-08-18,204
1985-08-19,204
1985-08-20,225
1985-08-21,269
1985-08-22,261
1985-08-23,251
1985-08-24,264
1985-08-25,264
1985-08-26,261
1985-08-27,248
1985-08-28,243
1985-08-29,241
1985-08-30,241
1985-08-31,259
1985-09-01,274
1985-09-02,447
1985-09-03,576
1985-09-04,541
1985-09-05,461
1985-09-06,447
1985-09-07,447
1985-09-08,436
1985-09-09,416
1985-09-10,410
1985-09-11,377
1985-09-12,324
1985-09-13,297
1985-09-14,282
1985-09-15,238
1985-09-16,202
1985-09-17,163
1985-09-18,163
1985-09-19,163
1985-09-20,131
1985-09-21,156
1985-09-22,156
1985-09-23,156
1985-09-24,156
1985-09-25,156
1985-09-26,156
1985-09-27,156
1985-09-28,156
1985-09-29,156
1985-09-30,156
1985-10-01,
1985-10-02,
1985-10-03,
1985-10-04,
1985-10-05,
1985-10-06,
1985-10-07,
1985-10-08,
1985-10-09,
1985-10-10,
1985-10-11,
1985-10-12,
1985-10-13,
1985-10-14,
1985-10-15,
1985-10-16,
1985-10-17,
1985-10-18,
1985-10-19,
1985-10-20,
1985-10-21,
1985-10-22,
1985-10-23,
1985-10-24,
1985-10-25,
1985-10-26,
1985-10-27,
1985-10-28,
1985-10-29,
1985-10-30,
1985-10-31,
1985-11-01,
1985-11-02,
1985-11-03,
1985-11-04,
1985-11-05,
1985-11-06,
1985-11-07,
1985-11-08,
1985-11-09,
1985-11-10,
1985-11-11,
1985-11-12,
1985-11-13,
1985-11-14,
1985-11-15,
1985-11-16,
1985-11-17,
1985-11-18,
1985-11-19,
1985-11-20,
1985-11-21,
1985-11-22,
1985-11-23,
1985-11-24,
1985-11-25,
1985-11-26,
1985-11-27,
1985-11-28,
1985-11-29,
1985-11-30,
1985-12-01,
1985-12-02,
1985-12-03,
1985-12-04,
1985-12-05,
1985-12-06,
1985-12-07,
1985-12-08,
1985-12-09,
1985-12-10,
1985-12-11,
1985-12-12,
1985-12-13,
1985-12-14,
1985-12-15,
1985-12-16,
1985-12-17,
1985-12-18,
1985-12-19,
1985-12-20,
1985-12-21,
1985-12-22,
1985-12-23,
1985-12-24,
1985-12-25,
1985-12-26,
1985-12-27,
1985-12-28,
1985-12-29,
1985-12-30,
1985-12-31,
1986-01-01,
1986-01-02,
1986-01-03,
1986-01-04,
1986-01-05,
1986-01-06,
1986-01-07,
1986-01-08,
1986-01-09,
1986-01-10,
1986-01-11,
1986-01-12,
1986-01-13,
1986-01-14,
1986-01-15,
1986-01-16,
1986-01-17,
1986-01-18,
1986-01-19,
1986-01-20,
1986-01-21,
1986-01-22,
1986-01-23,
1986-01-24,
1986-01-25,
1986-01-26,
1986-01-27,
1986-01-28,
1986-01-29,
1986-01-30,
1986-01-31,
1986-02-01,
1986-02-02,
1986-02-03,
1986-02-04,
1986-02-05,
1986-02-06,
1986-02-07,
1986-02-08,
1986-02-09,
1986-02-10,
1986-02-11,
1986-02-12,
1986-02-13,
1986-02-14,
1986-02-15,
1986-02-16,
1986-02-17,
1986-02-18,
1986-02-19,
1986-02-20,
1986-02-21,
1986-02-22,
1986-02-23,
1986-02-24,
1986-02-25,
1986-02-26,
1986-02-27,
1986-02-28,
1986-03-01,
1986-03-02,
1986-03-03,
1986-03-04,
1986-03-05,
1986-03-06,
1986-03-07,
1986-03-08,
1986-03-09,
1986-03-10,
1986-03-11,
1986-03-12,
1986-03-13,
1986-03-14,
1986-03-15,
1986-03-16,
1986-03-17,
1986-03-18,
1986-03-19,
1986-03-20,
1986-03-21,
1986-03-22,
1986-03-23,
1986-03-24,
1986-03-25,
1986-03-26,
1986-03-27,
1986-03-28,
1986-03-29,
1986-03-30,
1986-03-31,
1986-04-01,
1986-04-02,
1986-04-03,
1986-04-04,
1986-04-05,
1986-04-06,
1986-04-07,
1986-04-08,
1986-04-09,
1986-04-10,
1986-04-11,
1986-04-12,
1986-04-13,
1986-04-14,
1986-04-15,
1986-04-16,
1986-04-17,
1986-04-18,
1986-04-19,
1986-04-20,
1986-04-21,
1986-04-22,
1986-04-23,
1986-04-24,
1986-04-25,
1986-04-26,
1986-04-27,
1986-04-28,
1986-04-29,
1986-04-30,
1986-05-01,7.91
1986-05-02,7.91
1986-05-03,7.91
1986-05-04,7.91
1986-05-05,7.91
1986-05-06,7.91
1986-05-07,7.91
1986-05-08,8.02
1986-05-09,8.02
1986-05-10,8.5
1986-05-11,8.5
1986-05-12,9.44
1986-05-13,10.4
1986-05-14,11.3
1986-05-15,12.3
1986-05-16,16
1986-05-17,20.4
1986-05-18,27.5
1986-05-19,45.2
1986-05-20,68.8
1986-05-21,103
1986-05-22,154
1986-05-23,211
1986-05-24,277
1986-05-25,507
1986-05-26,622
1986-05-27,722
1986-05-28,791
1986-05-29,953
1986-05-30,1050
1986-05-31,1080
1986-06-01,980
1986-06-02,996
1986-06-03,1030
1986-06-04,996
1986-06-05,1040
1986-06-06,1220
1986-06-07,1400
1986-06-08,1440
1986-06-09,1160
1986-06-10,1040
1986-06-11,980
1986-06-12,1040
1986-06-13,1080
1986-06-14,1110
1986-06-15,1090
1986-06-16,947
1986-06-17,991
1986-06-18,1140
1986-06-19,1250
1986-06-20,1120
1986-06-21,996
1986-06-22,899
1986-06-23,744
1986-06-24,740
1986-06-25,947
1986-06-26,829
1986-06-27,665
1986-06-28,569
1986-06-29,565
1986-06-30,577
1986-07-01,643
1986-07-02,521
1986-07-03,426
1986-07-04,372
1986-07-05,360
1986-07-06,315
1986-07-07,303
1986-07-08,262
1986-07-09,234
1986-07-10,206
1986-07-11,145
1986-07-12,135
1986-07-13,121
1986-07-14,255
1986-07-15,426
1986-07-16,458
1986-07-17,541
1986-07-18,660
1986-07-19,605
1986-07-20,521
1986-07-21,484
1986-07-22,447
1986-07-23,423
1986-07-24,416
1986-07-25,406
1986-07-26,392
1986-07-27,372
1986-07-28,360
1986-07-29,392
1986-07-30,402
1986-07-31,382
1986-08-01,366
1986-08-02,350
1986-08-03,328
1986-08-04,309
1986-08-05,289
1986-08-06,226
1986-08-07,213
1986-08-08,231
1986-08-09,234
1986-08-10,286
1986-08-11,372
1986-08-12,491
1986-08-13,484
1986-08-14,392
1986-08-15,356
1986-08-16,328
1986-08-17,328
1986-08-18,426
1986-08-19,533
1986-08-20,597
1986-08-21,648
1986-08-22,631
1986-08-23,652
1986-08-24,969
1986-08-25,1350
1986-08-26,1170
1986-08-27,829
1986-08-28,708
1986-08-29,660
1986-08-30,545
1986-08-31,545
1986-09-01,537
1986-09-02,525
1986-09-03,480
1986-09-04,426
1986-09-05,416
1986-09-06,399
1986-09-07,360
1986-09-08,340
1986-09-09,324
1986-09-10,283
1986-09-11,300
1986-09-12,297
1986-09-13,297
1986-09-14,303
1986-09-15,340
1986-09-16,440
1986-09-17,648
1986-09-18,699
1986-09-19,601
1986-09-20,495
1986-09-21,433
1986-09-22,396
1986-09-23,510
1986-09-24,652
1986-09-25,872
1986-09-26,926
1986-09-27,753
1986-09-28,812
1986-09-29,695
1986-09-30,635
1986-10-01,635
1986-10-02,545
1986-10-03,469
1986-10-04,344
1986-10-05,291
1986-10-06,236
1986-10-07,211
1986-10-08,195
1986-10-09,179
1986-10-10,150
1986-10-11,
1986-10-12,
1986-10-13,
1986-10-14,
1986-10-15,
1986-10-16,
1986-10-17,
1986-10-18,
1986-10-19,
1986-10-20,
1986-10-21,
1986-10-22,
1986-10-23,
1986-10-24,
1986-10-25,
1986-10-26,
1986-10-27,
1986-10-28,
1986-10-29,
1986-10-30,
1986-10-31,
1986-11-01,
1986-11-02,
1986-11-03,
1986-11-04,
1986-11-05,
1986-11-06,
1986-11-07,
1986-11-08,
1986-11-09,
1986-11-10,
1986-11-11,
1986-11-12,
1986-11-13,
1986-11-14,
1986-11-15,
1986-11-16,
1986-11-17,
1986-11-18,
1986-11-19,
1986-11-20,
1986-11-21,
1986-11-22,
1986-11-23,
1986-11-24,
1986-11-25,
1986-11-26,
1986-11-27,
1986-11-28,
1986-11-29,
1986-11-30,
1986-12-01,
1986-12-02,
1986-12-03,
1986-12-04,
1986-12-05,
1986-12-06,
1986-12-07,
1986-12-08,
1986-12-09,
1986-12-10,
1986-12-11,
1986-12-12,
1986-12-13,
1986-12-14,
1986-12-15,
1986-12-16,
1986-12-17,
1986-12-18,
1986-12-19,
1986-12-20,
1986-12-21,
1986-12-22,
1986-12-23,
1986-12-24,
1986-12-25,
1986-12-26,
1986-12-27,
1986-12-28,
1986-12-29,
1986-12-30,
1986-12-31,
1988-01-01,
1988-01-02,
1988-01-03,
1988-01-04,
1988-01-05,
1988-01-06,
1988-01-07,
1988-01-08,
1988-01-09,
1988-01-10,
1988-01-11,
1988-01-12,
1988-01-13,
1988-01-14,
1988-01-15,
1988-01-16,
1988-01-17,
1988-01-18,
1988-01-19,
1988-01-20,
1988-01-21,
1988-01-22,
1988-01-23,
1988-01-24,
1988-01-25,
1988-01-26,
1988-01-27,
1988-01-28,
1988-01-29,
1988-01-30,
1988-01-31,
1988-02-01,
1988-02-02,
1988-02-03,
1988-02-04,
1988-02-05,
1988-02-06,
1988-02-07,
1988-02-08,
1988-02-09,
1988-02-10,
1988-02-11,
1988-02-12,
1988-02-13,
1988-02-14,
1988-02-15,
1988-02-16,
1988-02-17,
1988-02-18,
1988-02-19,
1988-02-20,
1988-02-21,
1988-02-22,
1988-02-23,
1988-02-24,
1988-02-25,
1988-02-26,
1988-02-27,
1988-02-28,
1988-02-29,
1988-03-01,
1988-03-02,
1988-03-03,
1988-03-04,
1988-03-05,
1988-03-06,
1988-03-07,
1988-03-08,
1988-03-09,
1988-03-10,
1988-03-11,
1988-03-12,
1988-03-13,
1988-03-14,
1988-03-15,
1988-03-16,
1988-03-17,
1988-03-18,
1988-03-19,
1988-03-20,
1988-03-21,
1988-03-22,
1988-03-23,
1988-03-24,
1988-03-25,
1988-03-26,
1988-03-27,
1988-03-28,
1988-03-29,
1988-03-30,
1988-03-31,
1988-04-01,
1988-04-02,
1988-04-03,
1988-04-04,
1988-04-05,
1988-04-06,
1988-04-07,
1988-04-08,
1988-04-09,
1988-04-10,
1988-04-11,
1988-04-12,
1988-04-13,
1988-04-14,
1988-04-15,
1988-04-16,
1988-04-17,
1988-04-18,
1988-04-19,
1988-04-20,
1988-04-21,
1988-04-22,
1988-04-23,
1988-04-24,
1988-04-25,
1988-04-26,
1988-04-27,
1988-04-28,
1988-04-29,
1988-04-30,
1988-05-01,
1988-05-02,
1988-05-03,
1988-05-04,
1988-05-05,
1988-05-06,
1988-05-07,
1988-05-08,
1988-05-09,
1988-05-10,
1988-05-11,
1988-05-12,
1988-05-13,
1988-05-14,
1988-05-15,
1988-05-16,
1988-05-17,
1988-05-18,
1988-05-19,
1988-05-20,9.28
1988-05-21,14.8
1988-05-22,17.7
1988-05-23,22.9
1988-05-24,23.8
1988-05-25,31
1988-05-26,42.2
1988-05-27,71.8
1988-05-28,150
1988-05-29,328
1988-05-30,470
1988-05-31,694
1988-06-01,1100
1988-06-02,1740
1988-06-03,2270
1988-06-04,2530
1988-06-05,2300
1988-06-06,2260
1988-06-07,2090
1988-06-08,1390
1988-06-09,1180
1988-06-10,1050
1988-06-11,962
1988-06-12,900
1988-06-13,814
1988-06-14,731
1988-06-15,697
1988-06-16,700
1988-06-17,712
1988-06-18,739
1988-06-19,786
1988-06-20,917
1988-06-21,913
1988-06-22,751
1988-06-23,624
1988-06-24,564
1988-06-25,564
1988-06-26,545
1988-06-27,462
1988-06-28,483
1988-06-29,678
1988-06-30,524
1988-07-01,449
1988-07-02,378
1988-07-03,366
1988-07-04,369
1988-07-05,369
1988-07-06,354
1988-07-07,324
1988-07-08,304
1988-07-09,336
1988-07-10,345
1988-07-11,360
1988-07-12,342
1988-07-13,348
1988-07-14,321
1988-07-15,265
1988-07-16,253
1988-07-17,250
1988-07-18,245
1988-07-19,237
1988-07-20,232
1988-07-21,245
1988-07-22,247
1988-07-23,253
1988-07-24,232
1988-07-25,218
1988-07-26,209
1988-07-27,207
1988-07-28,218
1988-07-29,232
1988-07-30,232
1988-07-31,237
1988-08-01,237
1988-08-02,232
1988-08-03,223
1988-08-04,216
1988-08-05,213
1988-08-06,209
1988-08-07,211
1988-08-08,204
1988-08-09,185
1988-08-10,178
1988-08-11,161
1988-08-12,158
1988-08-13,160
1988-08-14,165
1988-08-15,207
1988-08-16,397
1988-08-17,472
1988-08-18,449
1988-08-19,384
1988-08-20,333
1988-08-21,313
1988-08-22,301
1988-08-23,275
1988-08-24,289
1988-08-25,336
1988-08-26,387
1988-08-27,390
1988-08-28,406
1988-08-29,384
1988-08-30,363
1988-08-31,345
1988-09-01,321
1988-09-02,304
1988-09-03,284
1988-09-04,269
1988-09-05,258
1988-09-06,245
1988-09-07,237
1988-09-08,232
1988-09-09,223
1988-09-10,218
1988-09-11,211
1988-09-12,202
1988-09-13,193
1988-09-14,189
1988-09-15,187
1988-09-16,182
1988-09-17,176
1988-09-18,174
1988-09-19,172
1988-09-20,169
1988-09-21,161
1988-09-22,158
1988-09-23,154
1988-09-24,152
1988-09-25,151
1988-09-26,149
1988-09-27,147
1988-09-28,145
1988-09-29,145
1988-09-30,143
1988-10-01,143
1988-10-02,142
1988-10-03,138
1988-10-04,140
1988-10-05,142
1988-10-06,143
1988-10-07,137
1988-10-08,135
1988-10-09,134
1988-10-10,133
1988-10-11,132
1988-10-12,130
1988-10-13,130
1988-10-14,128
1988-10-15,126
1988-10-16,126
1988-10-17,125
1988-10-18,124
1988-10-19,123
1988-10-20,123
1988-10-21,121
1988-10-22,
1988-10-23,
1988-10-24,
1988-10-25,
1988-10-26,
1988-10-27,
1988-10-28,
1988-10-29,
1988-10-30,
1988-10-31,
1988-11-01,
1988-11-02,
1988-11-03,
1988-11-04,
1988-11-05,
1988-11-06,
1988-11-07,
1988-11-08,
1988-11-09,
1988-11-10,
1988-11-11,
1988-11-12,
1988-11-13,
1988-11-14,
1988-11-15,
1988-11-16,
1988-11-17,
1988-11-18,
1988-11-19,
1988-11-20,
1988-11-21,
1988-11-22,
1988-11-23,
1988-11-24,
1988-11-25,
1988-11-26,
1988-11-27,
1988-11-28,
1988-11-29,
1988-11-30,
1988-12-01,
1988-12-02,
1988-12-03,
1988-12-04,
1988-12-05,
1988-12-06,
1988-12-07,
1988-12-08,
1988-12-09,
1988-12-10,
1988-12-11,
1988-12-12,
1988-12-13,
1988-12-14,
1988-12-15,
1988-12-16,
1988-12-17,
1988-12-18,
1988-12-19,
1988-12-20,
1988-12-21,
1988-12-22,
1988-12-23,
1988-12-24,
1988-12-25,
1988-12-26,
1988-12-27,
1988-12-28,
1988-12-29,
1988-12-30,
1988-12-31,
1989-01-01,
1989-01-02,
1989-01-03,
1989-01-04,
1989-01-05,
1989-01-06,
1989-01-07,
1989-01-08,
1989-01-09,
1989-01-10,
1989-01-11,
1989-01-12,
1989-01-13,
1989-01-14,
1989-01-15,
1989-01-16,
1989-01-17,
1989-01-18,
1989-01-19,
1989-01-20,
1989-01-21,
1989-01-22,
1989-01-23,
1989-01-24,
1989-01-25,
1989-01-26,
1989-01-27,
1989-01-28,
1989-01-29,
1989-01-30,
1989-01-31,
1989-02-01,
1989-02-02,
1989-02-03,
1989-02-04,
1989-02-05,
1989-02-06,
1989-02-07,
1989-02-08,
1989-02-09,
1989-02-10,
1989-02-11,
1989-02-12,
1989-02-13,
1989-02-14,
1989-02-15,
1989-02-16,
1989-02-17,
1989-02-18,
1989-02-19,
1989-02-20,
1989-02-21,
1989-02-22,
1989-02-23,
1989-02-24,
1989-02-25,
1989-02-26,
1989-02-27,
1989-02-28,
1989-03-01,
1989-03-02,
1989-03-03,
1989-03-04,
1989-03-05,
1989-03-06,
1989-03-07,
1989-03-08,
1989-03-09,
1989-03-10,
1989-03-11,
1989-03-12,
1989-03-13,
1989-03-14,
1989-03-15,
1989-03-16,
1989-03-17,
1989-03-18,
1989-03-19,
1989-03-20,
1989-03-21,
1989-03-22,
1989-03-23,
1989-03-24,
1989-03-25,
1989-03-26,
1989-03-27,
1989-03-28,
1989-03-29,
1989-03-30,
1989-03-31,
1989-04-01,
1989-04-02,
1989-04-03,
1989-04-04,
1989-04-05,
1989-04-06,
1989-04-07,
1989-04-08,
1989-04-09,
1989-04-10,
1989-04-11,
1989-04-12,
1989-04-13,
1989-04-14,
1989-04-15,
1989-04-16,
1989-04-17,
1989-04-18,
1989-04-19,
1989-04-20,
1989-04-21,
1989-04-22,
1989-04-23,
1989-04-24,
1989-04-25,
1989-04-26,
1989-04-27,
1989-04-28,
1989-04-29,
1989-04-30,
1989-05-01,17.5
1989-05-02,17.5
1989-05-03,18
1989-05-04,18
1989-05-05,17.9
1989-05-06,17.4
1989-05-07,17.2
1989-05-08,17.2
1989-05-09,17.4
1989-05-10,17.4
1989-05-11,17.9
1989-05-12,18.7
1989-05-13,19.1
1989-05-14,19.8
1989-05-15,21.2
1989-05-16,18.8
1989-05-17,17.9
1989-05-18,23.6
1989-05-19,29.1
1989-05-20,38
1989-05-21,40.9
1989-05-22,57.4
1989-05-23,81
1989-05-24,103
1989-05-25,164
1989-05-26,364
1989-05-27,768
1989-05-28,1070
1989-05-29,1390
1989-05-30,1730
1989-05-31,2080
1989-06-01,2080
1989-06-02,1760
1989-06-03,1540
1989-06-04,1420
1989-06-05,1250
1989-06-06,1130
1989-06-07,1090
1989-06-08,1100
1989-06-09,1080
1989-06-10,1160
1989-06-11,1250
1989-06-12,1160
1989-06-13,986
1989-06-14,743
1989-06-15,600
1989-06-16,541
1989-06-17,482
1989-06-18,389
1989-06-19,350
1989-06-20,312
1989-06-21,288
1989-06-22,262
1989-06-23,241
1989-06-24,220
1989-06-25,205
1989-06-26,197
1989-06-27,187
1989-06-28,183
1989-06-29,183
1989-06-30,180
1989-07-01,175
1989-07-02,171
1989-07-03,168
1989-07-04,163
1989-07-05,160
1989-07-06,157
1989-07-07,158
1989-07-08,158
1989-07-09,166
1989-07-10,170
1989-07-11,173
1989-07-12,175
1989-07-13,170
1989-07-14,162
1989-07-15,158
1989-07-16,158
1989-07-17,163
1989-07-18,231
1989-07-19,264
1989-07-20,318
1989-07-21,329
1989-07-22,517
1989-07-23,475
1989-07-24,402
1989-07-25,350
1989-07-26,323
1989-07-27,377
1989-07-28,735
1989-07-29,767
1989-07-30,1080
1989-07-31,1280
1989-08-01,1060
1989-08-02,889
1989-08-03,791
1989-08-04,603
1989-08-05,548
1989-08-06,566
1989-08-07,692
1989-08-08,657
1989-08-09,548
1989-08-10,485
1989-08-11,428
1989-08-12,402
1989-08-13,374
1989-08-14,347
1989-08-15,320
1989-08-16,298
1989-08-17,291
1989-08-18,293
1989-08-19,291
1989-08-20,274
1989-08-21,264
1989-08-22,257
1989-08-23,252
1989-08-24,248
1989-08-25,241
1989-08-26,239
1989-08-27,239
1989-08-28,236
1989-08-29,239
1989-08-30,245
1989-08-31,245
1989-09-01,243
1989-09-02,255
1989-09-03,279
1989-09-04,281
1989-09-05,286
1989-09-06,272
1989-09-07,252
1989-09-08,243
1989-09-09,234
1989-09-10,227
1989-09-11,220
1989-09-12,216
1989-09-13,209
1989-09-14,201
1989-09-15,201
1989-09-16,201
1989-09-17,199
1989-09-18,195
1989-09-19,193
1989-09-20,189
1989-09-21,185
1989-09-22,185
1989-09-23,182
1989-09-24,180
1989-09-25,173
1989-09-26,171
1989-09-27,168
1989-09-28,170
1989-09-29,173
1989-09-30,207
1989-10-01,257
1989-10-02,267
1989-10-03,256
1989-10-04,243
1989-10-05,
1989-10-06,
1989-10-07,
1989-10-08,
1989-10-09,
1989-10-10,
1989-10-11,
1989-10-12,
1989-10-13,
1989-10-14,
1989-10-15,
1989-10-16,
1989-10-17,
1989-10-18,
1989-10-19,
1989-10-20,
1989-10-21,
1989-10-22,
1989-10-23,
1989-10-24,
1989-10-25,
1989-10-26,
1989-10-27,
1989-10-28,
1989-10-29,
1989-10-30,
1989-10-31,
1989-11-01,
1989-11-02,
1989-11-03,
1989-11-04,
1989-11-05,
1989-11-06,
1989-11-07,
1989-11-08,
1989-11-09,
1989-11-10,
1989-11-11,
1989-11-12,
1989-11-13,
1989-11-14,
1989-11-15,
1989-11-16,
1989-11-17,
1989-11-18,
1989-11-19,
1989-11-20,
1989-11-21,
1989-11-22,
1989-11-23,
1989-11-24,
1989-11-25,
1989-11-26,
1989-11-27,
1989-11-28,
1989-11-29,
1989-11-30,
1989-12-01,
1989-12-02,
1989-12-03,
1989-12-04,
1989-12-05,
1989-12-06,
1989-12-07,
1989-12-08,
1989-12-09,
1989-12-10,
1989-12-11,
1989-12-12,
1989-12-13,
1989-12-14,
1989-12-15,
1989-12-16,
1989-12-17,
1989-12-18,
1989-12-19,
1989-12-20,
1989-12-21,
1989-12-22,
1989-12-23,
1989-12-24,
1989-12-25,
1989-12-26,
1989-12-27,
1989-12-28,
1989-12-29,
1989-12-30,
1989-12-31,
1990-01-01,
1990-01-02,
1990-01-03,
1990-01-04,
1990-01-05,
1990-01-06,
1990-01-07,
1990-01-08,
1990-01-09,
1990-01-10,
1990-01-11,
1990-01-12,
1990-01-13,
1990-01-14,
1990-01-15,
1990-01-16,
1990-01-17,
1990-01-18,
1990-01-19,
1990-01-20,
1990-01-21,
1990-01-22,
1990-01-23,
1990-01-24,
1990-01-25,
1990-01-26,
1990-01-27,
1990-01-28,
1990-01-29,
1990-01-30,
1990-01-31,
1990-02-01,
1990-02-02,
1990-02-03,
1990-02-04,
1990-02-05,
1990-02-06,
1990-02-07,
1990-02-08,
1990-02-09,
1990-02-10,
1990-02-11,
1990-02-12,
1990-02-13,
1990-02-14,
1990-02-15,
1990-02-16,
1990-02-17,
1990-02-18,
1990-02-19,
1990-02-20,
1990-02-21,
1990-02-22,
1990-02-23,
1990-02-24,
1990-02-25,
1990-02-26,
1990-02-27,
1990-02-28,
1990-03-01,
1990-03-02,
1990-03-03,
1990-03-04,
1990-03-05,
1990-03-06,
1990-03-07,
1990-03-08,
1990-03-09,
1990-03-10,
1990-03-11,
1990-03-12,
1990-03-13,
1990-03-14,
1990-03-15,
1990-03-16,
1990-03-17,
1990-03-18,
1990-03-19,
1990-03-20,
1990-03-21,
1990-03-22,
1990-03-23,
1990-03-24,
1990-03-25,
1990-03-26,
1990-03-27,
1990-03-28,
1990-03-29,
1990-03-30,
1990-03-31,
1990-04-01,
1990-04-02,
1990-04-03,
1990-04-04,
1990-04-05,
1990-04-06,
1990-04-07,
1990-04-08,
1990-04-09,
1990-04-10,
1990-04-11,
1990-04-12,
1990-04-13,
1990-04-14,
1990-04-15,
1990-04-16,
1990-04-17,
1990-04-18,
1990-04-19,
1990-04-20,
1990-04-21,
1990-04-22,
1990-04-23,
1990-04-24,
1990-04-25,
1990-04-26,
1990-04-27,
1990-04-28,
1990-04-29,
1990-04-30,
1990-05-01,10.2
1990-05-02,10.2
1990-05-03,10.4
1990-05-04,10.5
1990-05-05,10.7
1990-05-06,11.3
1990-05-07,11.7
1990-05-08,11.9
1990-05-09,11.5
1990-05-10,11.4
1990-05-11,12.5
1990-05-12,15
1990-05-13,15.4
1990-05-14,16.5
1990-05-15,21.9
1990-05-16,27.1
1990-05-17,27.3
1990-05-18,32.8
1990-05-19,78.9
1990-05-20,245
1990-05-21,366
1990-05-22,498
1990-05-23,645
1990-05-24,739
1990-05-25,832
1990-05-26,854
1990-05-27,919
1990-05-28,1070
1990-05-29,1270
1990-05-30,1500
1990-05-31,1500
1990-06-01,1450
1990-06-02,1600
1990-06-03,1750
1990-06-04,1890
1990-06-05,1840
1990-06-06,1650
1990-06-07,1480
1990-06-08,1370
1990-06-09,1250
1990-06-10,1370
1990-06-11,1530
1990-06-12,1470
1990-06-13,1060
1990-06-14,964
1990-06-15,919
1990-06-16,819
1990-06-17,723
1990-06-18,628
1990-06-19,494
1990-06-20,494
1990-06-21,527
1990-06-22,494
1990-06-23,468
1990-06-24,442
1990-06-25,387
1990-06-26,374
1990-06-27,339
1990-06-28,327
1990-06-29,330
1990-06-30,346
1990-07-01,498
1990-07-02,736
1990-07-03,656
1990-07-04,628
1990-07-05,728
1990-07-06,636
1990-07-07,561
1990-07-08,538
1990-07-09,520
1990-07-10,501
1990-07-11,484
1990-07-12,355
1990-07-13,371
1990-07-14,393
1990-07-15,480
1990-07-16,490
1990-07-17,516
1990-07-18,535
1990-07-19,505
1990-07-20,498
1990-07-21,442
1990-07-22,380
1990-07-23,387
1990-07-24,603
1990-07-25,607
1990-07-26,834
1990-07-27,1090
1990-07-28,969
1990-07-29,859
1990-07-30,580
1990-07-31,491
1990-08-01,669
1990-08-02,924
1990-08-03,1030
1990-08-04,939
1990-08-05,800
1990-08-06,685
1990-08-07,640
1990-08-08,660
1990-08-09,550
1990-08-10,487
1990-08-11,449
1990-08-12,491
1990-08-13,719
1990-08-14,1120
1990-08-15,997
1990-08-16,869
1990-08-17,810
1990-08-18,781
1990-08-19,786
1990-08-20,706
1990-08-21,514
1990-08-22,542
1990-08-23,494
1990-08-24,466
1990-08-25,466
1990-08-26,470
1990-08-27,473
1990-08-28,477
1990-08-29,480
1990-08-30,501
1990-08-31,491
1990-09-01,520
1990-09-02,628
1990-09-03,656
1990-09-04,741
1990-09-05,741
1990-09-06,934
1990-09-07,1130
1990-09-08,1090
1990-09-09,904
1990-09-10,776
1990-09-11,693
1990-09-12,763
1990-09-13,636
1990-09-14,538
1990-09-15,473
1990-09-16,442
1990-09-17,451
1990-09-18,393
1990-09-19,380
1990-09-20,428
1990-09-21,509
1990-09-22,480
1990-09-23,422
1990-09-24,383
1990-09-25,355
1990-09-26,333
1990-09-27,308
1990-09-28,280
1990-09-29,250
1990-09-30,238
1990-10-01,228
1990-10-02,222
1990-10-03,221
1990-10-04,217
1990-10-05,222
1990-10-06,221
1990-10-07,217
1990-10-08,213
1990-10-09,208
1990-10-10,201
1990-10-11,195
1990-10-12,183
1990-10-13,154
1990-10-14,152
1990-10-15,141
1990-10-16,138
1990-10-17,135
1990-10-18,132
1990-10-19,128
1990-10-20,110
1990-10-21,86.2
1990-10-22,72.4
1990-10-23,67.8
1990-10-24,60.8
1990-10-25,57.8
1990-10-26,50.4
1990-10-27,46.5
1990-10-28,43.1
1990-10-29,40
1990-10-30,36.5
1990-10-31,34.8
1990-11-01,
1990-11-02,
1990-11-03,
1990-11-04,
1990-11-05,
1990-11-06,
1990-11-07,
1990-11-08,
1990-11-09,
1990-11-10,
1990-11-11,
1990-11-12,
1990-11-13,
1990-11-14,
1990-11-15,
1990-11-16,
1990-11-17,
1990-11-18,
1990-11-19,
1990-11-20,
1990-11-21,
1990-11-22,
1990-11-23,
1990-11-24,
1990-11-25,
1990-11-26,
1990-11-27,
1990-11-28,
1990-11-29,
1990-11-30,
1990-12-01,
1990-12-02,
1990-12-03,
1990-12-04,
1990-12-05,
1990-12-06,
1990-12-07,
1990-12-08,
1990-12-09,
1990-12-10,
1990-12-11,
1990-12-12,
1990-12-13,
1990-12-14,
1990-12-15,
1990-12-16,
1990-12-17,
1990-12-18,
1990-12-19,
1990-12-20,
1990-12-21,
1990-12-22,
1990-12-23,
1990-12-24,
1990-12-25,
1990-12-26,
1990-12-27,
1990-12-28,
1990-12-29,
1990-12-30,
1990-12-31,
