datetime,q_raw
1979-01-02 12:00:00,0
1979-01-03 12:00:00,0
1979-01-04 12:00:00,0
1979-01-05 12:00:00,0
1979-01-06 12:00:00,0
1979-01-07 12:00:00,0
1979-01-08 12:00:00,0
1979-01-09 12:00:00,0
1979-01-10 12:00:00,0
1979-01-11 12:00:00,0
1979-01-12 12:00:00,0
1979-01-13 12:00:00,0
1979-01-14 12:00:00,0
1979-01-15 12:00:00,0
1979-01-16 12:00:00,0
1979-01-17 12:00:00,0
1979-01-18 12:00:00,0
1979-01-19 12:00:00,0
1979-01-20 12:00:00,0
1979-01-21 12:00:00,0
1979-01-22 12:00:00,0
1979-01-23 12:00:00,0
1979-01-24 12:00:00,0
1979-01-25 12:00:00,0
1979-01-26 12:00:00,0
1979-01-27 12:00:00,0
1979-01-28 12:00:00,0
1979-01-29 12:00:00,0
1979-01-30 12:00:00,0
1979-01-31 12:00:00,0
1979-02-01 12:00:00,0
1979-02-02 12:00:00,0
1979-02-03 12:00:00,0
1979-02-04 12:00:00,0
1979-02-05 12:00:00,0
1979-02-06 12:00:00,0
1979-02-07 12:00:00,0
1979-02-08 12:00:00,0
1979-02-09 12:00:00,0
1979-02-10 12:00:00,0
1979-02-11 12:00:00,0
1979-02-12 12:00:00,0
1979-02-13 12:00:00,0
1979-02-14 12:00:00,0
1979-02-15 12:00:00,0
1979-02-16 12:00:00,0
1979-02-17 12:00:00,0
1979-02-18 12:00:00,0
1979-02-19 12:00:00,0
1979-02-20 12:00:00,0
1979-02-21 12:00:00,0
1979-02-22 12:00:00,0
1979-02-23 12:00:00,0
1979-02-24 12:00:00,0
1979-02-25 12:00:00,0
1979-02-26 12:00:00,0
1979-02-27 12:00:00,0
1979-02-28 12:00:00,0
1979-03-01 12:00:00,0
1979-03-02 12:00:00,0
1979-03-03 12:00:00,0
1979-03-04 12:00:00,0
1979-03-05 12:00:00,0
1979-03-06 12:00:00,0
1979-03-07 12:00:00,0
1979-03-08 12:00:00,0
1979-03-09 12:00:00,0
1979-03-10 12:00:00,0
1979-03-11 12:00:00,0
1979-03-12 12:00:00,0
1979-03-13 12:00:00,0
1979-03-14 12:00:00,0
1979-03-15 12:00:00,0
1979-03-16 12:00:00,0
1979-03-17 12:00:00,0
1979-03-18 12:00:00,0
1979-03-19 12:00:00,0
1979-03-20 12:00:00,0
1979-03-21 12:00:00,0
1979-03-22 12:00:00,0
1979-03-23 12:00:00,0
1979-03-24 12:00:00,0
1979-03-25 12:00:00,0
1979-03-26 12:00:00,0
1979-03-27 12:00:00,0
1979-03-28 12:00:00,0
1979-03-29 12:00:00,0
1979-03-30 12:00:00,0
1979-03-31 12:00:00,0
1979-04-01 12:00:00,0
1979-04-02 12:00:00,0
1979-04-03 12:00:00,0
1979-04-04 12:00:00,0
1979-04-05 12:00:00,0
1979-04-06 12:00:00,0
1979-04-07 12:00:00,0
1979-04-08 12:00:00,0
1979-04-09 12:00:00,0
1979-04-10 12:00:00,0
1979-04-11 12:00:00,0
1979-04-12 12:00:00,0
1979-04-13 12:00:00,0
1979-04-14 12:00:00,0
1979-04-15 12:00:00,0
1979-04-16 12:00:00,0
1979-04-17 12:00:00,0
1979-04-18 12:00:00,0
1979-04-19 12:00:00,0
1979-04-20 12:00:00,0
1979-04-21 12:00:00,0
1979-04-22 12:00:00,0
1979-04-23 12:00:00,0
1979-04-24 12:00:00,0
1979-04-25 12:00:00,0
1979-04-26 12:00:00,0
1979-04-27 12:00:00,0
1979-04-28 12:00:00,0
1979-04-29 12:00:00,0
1979-04-30 12:00:00,0
1979-05-01 12:00:00,0
1979-05-02 12:00:00,0
1979-05-03 12:00:00,0
1979-05-04 12:00:00,0
1979-05-05 12:00:00,0
1979-05-06 12:00:00,0
1979-05-07 12:00:00,0
1979-05-08 12:00:00,0
1979-05-09 12:00:00,0
1979-05-10 12:00:00,0
1979-05-11 12:00:00,0
1979-05-12 12:00:00,0
1979-05-13 12:00:00,0.0625
1979-05-14 12:00:00,1.84375
1979-05-15 12:00:00,17.84375
1979-05-16 12:00:00,61.53125
1979-05-17 12:00:00,95.125
1979-05-18 12:00:00,107.59375
1979-05-19 12:00:00,118.90625
1979-05-20 12:00:00,132.65625
1979-05-21 12:00:00,132.875
1979-05-22 12:00:00,125.96875
1979-05-23 12:00:00,120.78125
1979-05-24 12:00:00,134.0625
1979-05-25 12:00:00,191.78125
1979-05-26 12:00:00,288.1875
1979-05-27 12:00:00,412.59375
1979-05-28 12:00:00,583.625
1979-05-29 12:00:00,731.84375
1979-05-30 12:00:00,833.4375
1979-05-31 12:00:00,916.21875
1979-06-01 12:00:00,1048.53125
1979-06-02 12:00:00,1328.71875
1979-06-03 12:00:00,1793.03125
1979-06-04 12:00:00,2311.09375
1979-06-05 12:00:00,2713.15625
1979-06-06 12:00:00,2939.1875
1979-06-07 12:00:00,2972.90625
1979-06-08 12:00:00,2948.53125
1979-06-09 12:00:00,2963.53125
1979-06-10 12:00:00,2989.71875
1979-06-11 12:00:00,2958.875
1979-06-12 12:00:00,2944.75
1979-06-13 12:00:00,2987.875
1979-06-14 12:00:00,3117.6875
1979-06-15 12:00:00,3261.53125
1979-06-16 12:00:00,3356.34375
1979-06-17 12:00:00,3363.65625
1979-06-18 12:00:00,3255.0625
1979-06-19 12:00:00,3122.5625
1979-06-20 12:00:00,2993.71875
1979-06-21 12:00:00,2836.75
1979-06-22 12:00:00,2735
1979-06-23 12:00:00,2669.671875
1979-06-24 12:00:00,2560.875
1979-06-25 12:00:00,2436.96875
1979-06-26 12:00:00,2327.75
1979-06-27 12:00:00,2239.609375
1979-06-28 12:00:00,2154.0625
1979-06-29 12:00:00,2050.71875
1979-06-30 12:00:00,1917.25
1979-07-01 12:00:00,1786.875
1979-07-02 12:00:00,1680.203125
1979-07-03 12:00:00,1629.3125
1979-07-04 12:00:00,1640.265625
1979-07-05 12:00:00,1646.9375
1979-07-06 12:00:00,1584.515625
1979-07-07 12:00:00,1487.234375
1979-07-08 12:00:00,1407.109375
1979-07-09 12:00:00,1360.859375
1979-07-10 12:00:00,1300.375
1979-07-11 12:00:00,1226.125
1979-07-12 12:00:00,1157.484375
1979-07-13 12:00:00,1113.328125
1979-07-14 12:00:00,1089.140625
1979-07-15 12:00:00,1061.484375
1979-07-16 12:00:00,1021.859375
1979-07-17 12:00:00,994.546875
1979-07-18 12:00:00,1021.328125
1979-07-19 12:00:00,1088.3125
1979-07-20 12:00:00,1070.75
1979-07-21 12:00:00,1015.375
1979-07-22 12:00:00,1017.453125
1979-07-23 12:00:00,1063.75
1979-07-24 12:00:00,1029.40625
1979-07-25 12:00:00,960.859375
1979-07-26 12:00:00,912.453125
1979-07-27 12:00:00,880.40625
1979-07-28 12:00:00,846.515625
1979-07-29 12:00:00,849.6875
1979-07-30 12:00:00,848.6875
1979-07-31 12:00:00,855.3125
1979-08-01 12:00:00,872.0625
1979-08-02 12:00:00,832.9375
1979-08-03 12:00:00,776.40625
1979-08-04 12:00:00,783.671875
1979-08-05 12:00:00,882.34375
1979-08-06 12:00:00,1034.484375
1979-08-07 12:00:00,1086.4375
1979-08-08 12:00:00,1078.09375
1979-08-09 12:00:00,1063.515625
1979-08-10 12:00:00,1073.9375
1979-08-11 12:00:00,1108.296875
1979-08-12 12:00:00,1077.859375
1979-08-13 12:00:00,1009.34375
1979-08-14 12:00:00,948.5
1979-08-15 12:00:00,914.515625
1979-08-16 12:00:00,880.4375
1979-08-17 12:00:00,825.578125
1979-08-18 12:00:00,760.53125
1979-08-19 12:00:00,710.390625
1979-08-20 12:00:00,702.640625
1979-08-21 12:00:00,738.796875
1979-08-22 12:00:00,756.265625
1979-08-23 12:00:00,738.828125
1979-08-24 12:00:00,698.4375
1979-08-25 12:00:00,690.40625
1979-08-26 12:00:00,738.46875
1979-08-27 12:00:00,796.375
1979-08-28 12:00:00,860.4375
1979-08-29 12:00:00,875.046875
1979-08-30 12:00:00,836.515625
1979-08-31 12:00:00,787.5859375
1979-09-01 12:00:00,747.8359375
1979-09-02 12:00:00,717.2578125
1979-09-03 12:00:00,691.1875
1979-09-04 12:00:00,662.3046875
1979-09-05 12:00:00,642.1015625
1979-09-06 12:00:00,651.5703125
1979-09-07 12:00:00,724.484375
1979-09-08 12:00:00,819.8671875
1979-09-09 12:00:00,864.7734375
1979-09-10 12:00:00,852.8671875
1979-09-11 12:00:00,908.8515625
1979-09-12 12:00:00,1024.703125
1979-09-13 12:00:00,1053.359375
1979-09-14 12:00:00,1005.09375
1979-09-15 12:00:00,936.859375
1979-09-16 12:00:00,858.75
1979-09-17 12:00:00,781.1328125
1979-09-18 12:00:00,729.578125
1979-09-19 12:00:00,695.3046875
1979-09-20 12:00:00,644.6640625
1979-09-21 12:00:00,584.453125
1979-09-22 12:00:00,531.3671875
1979-09-23 12:00:00,484.9609375
1979-09-24 12:00:00,442.421875
1979-09-25 12:00:00,404.09375
1979-09-26 12:00:00,368.875
1979-09-27 12:00:00,336.1953125
1979-09-28 12:00:00,305.5625
1979-09-29 12:00:00,277.6640625
1979-09-30 12:00:00,252.828125
1979-10-01 12:00:00,230.109375
1979-10-02 12:00:00,208.6484375
1979-10-03 12:00:00,188.25
1979-10-04 12:00:00,169.328125
1979-10-05 12:00:00,152.0390625
1979-10-06 12:00:00,136.09375
1979-10-07 12:00:00,121.625
1979-10-08 12:00:00,108.171875
1979-10-09 12:00:00,95.4609375
1979-10-10 12:00:00,83.9609375
1979-10-11 12:00:00,73.484375
1979-10-12 12:00:00,63.7421875
1979-10-13 12:00:00,54.7109375
1979-10-14 12:00:00,46.4140625
1979-10-15 12:00:00,38.8515625
1979-10-16 12:00:00,31.96875
1979-10-17 12:00:00,25.828125
1979-10-18 12:00:00,20.484375
1979-10-19 12:00:00,15.921875
1979-10-20 12:00:00,12.2578125
1979-10-21 12:00:00,9.484375
1979-10-22 12:00:00,7.375
1979-10-23 12:00:00,5.765625
1979-10-24 12:00:00,4.5390625
1979-10-25 12:00:00,3.609375
1979-10-26 12:00:00,2.8828125
1979-10-27 12:00:00,2.3203125
1979-10-28 12:00:00,1.8828125
1979-10-29 12:00:00,1.546875
1979-10-30 12:00:00,1.3046875
1979-10-31 12:00:00,1.109375
1979-11-01 12:00:00,0.9609375
1979-11-02 12:00:00,0.828125
1979-11-03 12:00:00,0.71875
1979-11-04 12:00:00,0.6328125
1979-11-05 12:00:00,0.5546875
1979-11-06 12:00:00,0.484375
1979-11-07 12:00:00,0.4140625
1979-11-08 12:00:00,0.359375
1979-11-09 12:00:00,0.296875
1979-11-10 12:00:00,0.25
1979-11-11 12:00:00,0.21875
1979-11-12 12:00:00,0.1875
1979-11-13 12:00:00,0.1640625
1979-11-14 12:00:00,0.1328125
1979-11-15 12:00:00,0.1171875
1979-11-16 12:00:00,0.09375
1979-11-17 12:00:00,0.078125
1979-11-18 12:00:00,0.0625
1979-11-19 12:00:00,0.0546875
1979-11-20 12:00:00,0.0546875
1979-11-21 12:00:00,0.046875
1979-11-22 12:00:00,0.0390625
1979-11-23 12:00:00,0.0390625
1979-11-24 12:00:00,0.03125
1979-11-25 12:00:00,0.03125
1979-11-26 12:00:00,0.015625
1979-11-27 12:00:00,0.015625
1979-11-28 12:00:00,0.015625
1979-11-29 12:00:00,0.015625
1979-11-30 12:00:00,0.015625
1979-12-01 12:00:00,0
1979-12-02 12:00:00,0
1979-12-03 12:00:00,0
1979-12-04 12:00:00,0
1979-12-05 12:00:00,0
1979-12-06 12:00:00,0
1979-12-07 12:00:00,0
1979-12-08 12:00:00,0
1979-12-09 12:00:00,0
1979-12-10 12:00:00,0
1979-12-11 12:00:00,0
1979-12-12 12:00:00,0
1979-12-13 12:00:00,0
1979-12-14 12:00:00,0
1979-12-15 12:00:00,0
1979-12-16 12:00:00,0
1979-12-17 12:00:00,0
1979-12-18 12:00:00,0
1979-12-19 12:00:00,0
1979-12-20 12:00:00,0
1979-12-21 12:00:00,0
1979-12-22 12:00:00,0
1979-12-23 12:00:00,0
1979-12-24 12:00:00,0
1979-12-25 12:00:00,0
1979-12-26 12:00:00,0
1979-12-27 12:00:00,0
1979-12-28 12:00:00,0
1979-12-29 12:00:00,0
1979-12-30 12:00:00,0
1979-12-31 12:00:00,0
1980-01-01 12:00:00,0
1980-01-02 12:00:00,0
1980-01-03 12:00:00,0
1980-01-04 12:00:00,0
1980-01-05 12:00:00,0
1980-01-06 12:00:00,0
1980-01-07 12:00:00,0
1980-01-08 12:00:00,0
1980-01-09 12:00:00,0
1980-01-10 12:00:00,0
1980-01-11 12:00:00,0
1980-01-12 12:00:00,0
1980-01-13 12:00:00,0
1980-01-14 12:00:00,0
1980-01-15 12:00:00,0
1980-01-16 12:00:00,0
1980-01-17 12:00:00,0
1980-01-18 12:00:00,0
1980-01-19 12:00:00,0
1980-01-20 12:00:00,0
1980-01-21 12:00:00,0
1980-01-22 12:00:00,0
1980-01-23 12:00:00,0
1980-01-24 12:00:00,0
1980-01-25 12:00:00,0
1980-01-26 12:00:00,0
1980-01-27 12:00:00,0
1980-01-28 12:00:00,0
1980-01-29 12:00:00,0
1980-01-30 12:00:00,0
1980-01-31 12:00:00,0
1980-02-01 12:00:00,0
1980-02-02 12:00:00,0
1980-02-03 12:00:00,0
1980-02-04 12:00:00,0
1980-02-05 12:00:00,0
1980-02-06 12:00:00,0
1980-02-07 12:00:00,0
1980-02-08 12:00:00,0
1980-02-09 12:00:00,0
1980-02-10 12:00:00,0
1980-02-11 12:00:00,0
1980-02-12 12:00:00,0
1980-02-13 12:00:00,0
1980-02-14 12:00:00,0
1980-02-15 12:00:00,0
1980-02-16 12:00:00,0
1980-02-17 12:00:00,0
1980-02-18 12:00:00,0
1980-02-19 12:00:00,0
1980-02-20 12:00:00,0
1980-02-21 12:00:00,0
1980-02-22 12:00:00,0
1980-02-23 12:00:00,0
1980-02-24 12:00:00,0
1980-02-25 12:00:00,0
1980-02-26 12:00:00,0
1980-02-27 12:00:00,0
1980-02-28 12:00:00,0
1980-02-29 12:00:00,0
1980-03-01 12:00:00,0
1980-03-02 12:00:00,0
1980-03-03 12:00:00,0
1980-03-04 12:00:00,0
1980-03-05 12:00:00,0
1980-03-06 12:00:00,0
1980-03-07 12:00:00,0
1980-03-08 12:00:00,0
1980-03-09 12:00:00,0
1980-03-10 12:00:00,0
1980-03-11 12:00:00,0
1980-03-12 12:00:00,0
1980-03-13 12:00:00,0
1980-03-14 12:00:00,0
1980-03-15 12:00:00,0
1980-03-16 12:00:00,0
1980-03-17 12:00:00,0
1980-03-18 12:00:00,0
1980-03-19 12:00:00,0
1980-03-20 12:00:00,0
1980-03-21 12:00:00,0
1980-03-22 12:00:00,0
1980-03-23 12:00:00,0
1980-03-24 12:00:00,0
1980-03-25 12:00:00,0
1980-03-26 12:00:00,0
1980-03-27 12:00:00,0
1980-03-28 12:00:00,0
1980-03-29 12:00:00,0
1980-03-30 12:00:00,0
1980-03-31 12:00:00,0
1980-04-01 12:00:00,0
1980-04-02 12:00:00,0
1980-04-03 12:00:00,0
1980-04-04 12:00:00,0
1980-04-05 12:00:00,0
1980-04-06 12:00:00,0
1980-04-07 12:00:00,0
1980-04-08 12:00:00,0
1980-04-09 12:00:00,0
1980-04-10 12:00:00,0
1980-04-11 12:00:00,0
1980-04-12 12:00:00,0
1980-04-13 12:00:00,0
1980-04-14 12:00:00,0
1980-04-15 12:00:00,0
1980-04-16 12:00:00,0
1980-04-17 12:00:00,0
1980-04-18 12:00:00,0
1980-04-19 12:00:00,0
1980-04-20 12:00:00,0
1980-04-21 12:00:00,0
1980-04-22 12:00:00,0
1980-04-23 12:00:00,0
1980-04-24 12:00:00,0
1980-04-25 12:00:00,0
1980-04-26 12:00:00,0
1980-04-27 12:00:00,0
1980-04-28 12:00:00,0
1980-04-29 12:00:00,0
1980-04-30 12:00:00,0
1980-05-01 12:00:00,0
1980-05-02 12:00:00,0
1980-05-03 12:00:00,0
1980-05-04 12:00:00,0
1980-05-05 12:00:00,0
1980-05-06 12:00:00,0
1980-05-07 12:00:00,0
1980-05-08 12:00:00,0
1980-05-09 12:00:00,0
1980-05-10 12:00:00,0
1980-05-11 12:00:00,0
1980-05-12 12:00:00,0
1980-05-13 12:00:00,0
1980-05-14 12:00:00,0
1980-05-15 12:00:00,0
1980-05-16 12:00:00,0
1980-05-17 12:00:00,0.125
1980-05-18 12:00:00,0.5
1980-05-19 12:00:00,1.1875
1980-05-20 12:00:00,7.046875
1980-05-21 12:00:00,35.359375
1980-05-22 12:00:00,143.40625
1980-05-23 12:00:00,411.796875
1980-05-24 12:00:00,715.296875
1980-05-25 12:00:00,950.390625
1980-05-26 12:00:00,1190.09375
1980-05-27 12:00:00,1405.0625
1980-05-28 12:00:00,1562.21875
1980-05-29 12:00:00,1793.375
1980-05-30 12:00:00,2134.59375
1980-05-31 12:00:00,2398.34375
1980-06-01 12:00:00,2546.46875
1980-06-02 12:00:00,2612.265625
1980-06-03 12:00:00,2610.890625
1980-06-04 12:00:00,2611.640625
1980-06-05 12:00:00,2572.546875
1980-06-06 12:00:00,2482.265625
1980-06-07 12:00:00,2388.21875
1980-06-08 12:00:00,2326.84375
1980-06-09 12:00:00,2287.15625
1980-06-10 12:00:00,2272.265625
1980-06-11 12:00:00,2251.375
1980-06-12 12:00:00,2185.8125
1980-06-13 12:00:00,2101.9375
1980-06-14 12:00:00,2043.515625
1980-06-15 12:00:00,2019.3125
1980-06-16 12:00:00,2051.453125
1980-06-17 12:00:00,2066.828125
1980-06-18 12:00:00,1960.28125
1980-06-19 12:00:00,1852.640625
1980-06-20 12:00:00,1820.09375
1980-06-21 12:00:00,1803.703125
1980-06-22 12:00:00,1783.609375
1980-06-23 12:00:00,1739.921875
1980-06-24 12:00:00,1656.25
1980-06-25 12:00:00,1546.125
1980-06-26 12:00:00,1440.46875
1980-06-27 12:00:00,1377.828125
1980-06-28 12:00:00,1361.09375
1980-06-29 12:00:00,1341.375
1980-06-30 12:00:00,1368.375
1980-07-01 12:00:00,1422.15625
1980-07-02 12:00:00,1478.109375
1980-07-03 12:00:00,1452.953125
1980-07-04 12:00:00,1396.421875
1980-07-05 12:00:00,1356.671875
1980-07-06 12:00:00,1287.875
1980-07-07 12:00:00,1206.296875
1980-07-08 12:00:00,1120.53125
1980-07-09 12:00:00,1043.0625
1980-07-10 12:00:00,1013.390625
1980-07-11 12:00:00,1098.109375
1980-07-12 12:00:00,1220.671875
1980-07-13 12:00:00,1251.203125
1980-07-14 12:00:00,1320.03125
1980-07-15 12:00:00,1358.203125
1980-07-16 12:00:00,1322.71875
1980-07-17 12:00:00,1307.28125
1980-07-18 12:00:00,1381.6875
1980-07-19 12:00:00,1525.59375
1980-07-20 12:00:00,1679.78125
1980-07-21 12:00:00,1743.28125
1980-07-22 12:00:00,1744.671875
1980-07-23 12:00:00,1773.15625
1980-07-24 12:00:00,1827.84375
1980-07-25 12:00:00,1842.078125
1980-07-26 12:00:00,1841.40625
1980-07-27 12:00:00,1818.59375
1980-07-28 12:00:00,1820.109375
1980-07-29 12:00:00,1817.8125
1980-07-30 12:00:00,1733
1980-07-31 12:00:00,1627.3125
1980-08-01 12:00:00,1551.40625
1980-08-02 12:00:00,1483.078125
1980-08-03 12:00:00,1390.9375
1980-08-04 12:00:00,1289.53125
1980-08-05 12:00:00,1231.171875
1980-08-06 12:00:00,1294.109375
1980-08-07 12:00:00,1399.078125
1980-08-08 12:00:00,1373.625
1980-08-09 12:00:00,1284.203125
1980-08-10 12:00:00,1190.296875
1980-08-11 12:00:00,1123.921875
1980-08-12 12:00:00,1073.203125
1980-08-13 12:00:00,1003.5546875
1980-08-14 12:00:00,927.671875
1980-08-15 12:00:00,842.828125
1980-08-16 12:00:00,776.65625
1980-08-17 12:00:00,767.6875
1980-08-18 12:00:00,758.7734375
1980-08-19 12:00:00,714.6640625
1980-08-20 12:00:00,666.5
1980-08-21 12:00:00,613.6484375
1980-08-22 12:00:00,557.671875
1980-08-23 12:00:00,509.25
1980-08-24 12:00:00,468.890625
1980-08-25 12:00:00,445.8515625
1980-08-26 12:00:00,448.828125
1980-08-27 12:00:00,440.7421875
1980-08-28 12:00:00,413.46875
1980-08-29 12:00:00,379.96875
1980-08-30 12:00:00,347.2890625
1980-08-31 12:00:00,317.328125
1980-09-01 12:00:00,305.0625
1980-09-02 12:00:00,312.828125
1980-09-03 12:00:00,303.234375
1980-09-04 12:00:00,281.59375
1980-09-05 12:00:00,259.171875
1980-09-06 12:00:00,239.046875
1980-09-07 12:00:00,219.28125
1980-09-08 12:00:00,199.5078125
1980-09-09 12:00:00,181.4453125
1980-09-10 12:00:00,171.265625
1980-09-11 12:00:00,170.046875
1980-09-12 12:00:00,163.1796875
1980-09-13 12:00:00,154.4765625
1980-09-14 12:00:00,151.140625
1980-09-15 12:00:00,144.109375
1980-09-16 12:00:00,131.90625
1980-09-17 12:00:00,118.6171875
1980-09-18 12:00:00,106.265625
1980-09-19 12:00:00,94.9453125
1980-09-20 12:00:00,84.390625
1980-09-21 12:00:00,75.4296875
1980-09-22 12:00:00,70.4453125
1980-09-23 12:00:00,70.3359375
1980-09-24 12:00:00,70.6328125
1980-09-25 12:00:00,70.7578125
1980-09-26 12:00:00,70
1980-09-27 12:00:00,65.3203125
1980-09-28 12:00:00,58.2265625
1980-09-29 12:00:00,50.46875
1980-09-30 12:00:00,42.9921875
1980-10-01 12:00:00,36.2421875
1980-10-02 12:00:00,30.2734375
1980-10-03 12:00:00,25.109375
1980-10-04 12:00:00,20.6875
1980-10-05 12:00:00,16.953125
1980-10-06 12:00:00,13.859375
1980-10-07 12:00:00,11.359375
1980-10-08 12:00:00,9.3203125
1980-10-09 12:00:00,7.640625
1980-10-10 12:00:00,6.265625
1980-10-11 12:00:00,6.375
1980-10-12 12:00:00,6.59375
1980-10-13 12:00:00,6.3984375
1980-10-14 12:00:00,6.2109375
1980-10-15 12:00:00,6.0078125
1980-10-16 12:00:00,5.5390625
1980-10-17 12:00:00,4.8828125
1980-10-18 12:00:00,4.2265625
1980-10-19 12:00:00,3.625
1980-10-20 12:00:00,3.109375
1980-10-21 12:00:00,2.6640625
1980-10-22 12:00:00,2.28125
1980-10-23 12:00:00,1.9453125
1980-10-24 12:00:00,1.625
1980-10-25 12:00:00,1.3125
1980-10-26 12:00:00,1.0625
1980-10-27 12:00:00,0.859375
1980-10-28 12:00:00,0.703125
1980-10-29 12:00:00,0.578125
1980-10-30 12:00:00,0.484375
1980-10-31 12:00:00,0.40625
1980-11-01 12:00:00,0.34375
1980-11-02 12:00:00,0.28125
1980-11-03 12:00:00,0.234375
1980-11-04 12:00:00,0.203125
1980-11-05 12:00:00,0.15625
1980-11-06 12:00:00,0.125
1980-11-07 12:00:00,0.09375
1980-11-08 12:00:00,0.078125
1980-11-09 12:00:00,0.0625
1980-11-10 12:00:00,0.046875
1980-11-11 12:00:00,0.03125
1980-11-12 12:00:00,0.015625
1980-11-13 12:00:00,0.015625
1980-11-14 12:00:00,0.015625
1980-11-15 12:00:00,0
1980-11-16 12:00:00,0
1980-11-17 12:00:00,0
1980-11-18 12:00:00,0
1980-11-19 12:00:00,0
1980-11-20 12:00:00,0
1980-11-21 12:00:00,0
1980-11-22 12:00:00,0
1980-11-23 12:00:00,0
1980-11-24 12:00:00,0
1980-11-25 12:00:00,0
1980-11-26 12:00:00,0
1980-11-27 12:00:00,0
1980-11-28 12:00:00,0
1980-11-29 12:00:00,0
1980-11-30 12:00:00,0
1980-12-01 12:00:00,0
1980-12-02 12:00:00,0
1980-12-03 12:00:00,0
1980-12-04 12:00:00,0
1980-12-05 12:00:00,0
1980-12-06 12:00:00,0
1980-12-07 12:00:00,0
1980-12-08 12:00:00,0
1980-12-09 12:00:00,0
1980-12-10 12:00:00,0
1980-12-11 12:00:00,0
1980-12-12 12:00:00,0
1980-12-13 12:00:00,0
1980-12-14 12:00:00,0
1980-12-15 12:00:00,0
1980-12-16 12:00:00,0
1980-12-17 12:00:00,0
1980-12-18 12:00:00,0
1980-12-19 12:00:00,0
1980-12-20 12:00:00,0
1980-12-21 12:00:00,0
1980-12-22 12:00:00,0
1980-12-23 12:00:00,0
1980-12-24 12:00:00,0
1980-12-25 12:00:00,0
1980-12-26 12:00:00,0
1980-12-27 12:00:00,0
1980-12-28 12:00:00,0
1980-12-29 12:00:00,0
1980-12-30 12:00:00,0
1980-12-31 12:00:00,0
1981-01-01 12:00:00,0
1981-01-02 12:00:00,0
1981-01-03 12:00:00,0
1981-01-04 12:00:00,0
1981-01-05 12:00:00,0
1981-01-06 12:00:00,0
1981-01-07 12:00:00,0
1981-01-08 12:00:00,0
1981-01-09 12:00:00,0
1981-01-10 12:00:00,0
1981-01-11 12:00:00,0
1981-01-12 12:00:00,0
1981-01-13 12:00:00,0
1981-01-14 12:00:00,0
1981-01-15 12:00:00,0
1981-01-16 12:00:00,0
1981-01-17 12:00:00,0
1981-01-18 12:00:00,0
1981-01-19 12:00:00,0
1981-01-20 12:00:00,0
1981-01-21 12:00:00,0
1981-01-22 12:00:00,0
1981-01-23 12:00:00,0
1981-01-24 12:00:00,0
1981-01-25 12:00:00,0
1981-01-26 12:00:00,0
1981-01-27 12:00:00,0
1981-01-28 12:00:00,0
1981-01-29 12:00:00,0
1981-01-30 12:00:00,0
1981-01-31 12:00:00,0
1981-02-01 12:00:00,0
1981-02-02 12:00:00,0
1981-02-03 12:00:00,0
1981-02-04 12:00:00,0
1981-02-05 12:00:00,0
1981-02-06 12:00:00,0
1981-02-07 12:00:00,0
1981-02-08 12:00:00,0
1981-02-09 12:00:00,0
1981-02-10 12:00:00,0
1981-02-11 12:00:00,0
1981-02-12 12:00:00,0
1981-02-13 12:00:00,0
1981-02-14 12:00:00,0
1981-02-15 12:00:00,0
1981-02-16 12:00:00,0
1981-02-17 12:00:00,0
1981-02-18 12:00:00,0
1981-02-19 12:00:00,0
1981-02-20 12:00:00,0
1981-02-21 12:00:00,0
1981-02-22 12:00:00,0
1981-02-23 12:00:00,0
1981-02-24 12:00:00,0
1981-02-25 12:00:00,0
1981-02-26 12:00:00,0
1981-02-27 12:00:00,0
1981-02-28 12:00:00,0
1981-03-01 12:00:00,0
1981-03-02 12:00:00,0
1981-03-03 12:00:00,0
1981-03-04 12:00:00,0
1981-03-05 12:00:00,0
1981-03-06 12:00:00,0
1981-03-07 12:00:00,0
1981-03-08 12:00:00,0
1981-03-09 12:00:00,0
1981-03-10 12:00:00,0
1981-03-11 12:00:00,0
1981-03-12 12:00:00,0
1981-03-13 12:00:00,0
1981-03-14 12:00:00,0
1981-03-15 12:00:00,0
1981-03-16 12:00:00,0
1981-03-17 12:00:00,0
1981-03-18 12:00:00,0
1981-03-19 12:00:00,0
1981-03-20 12:00:00,0
1981-03-21 12:00:00,0
1981-03-22 12:00:00,0
1981-03-23 12:00:00,0
1981-03-24 12:00:00,0
1981-03-25 12:00:00,0
1981-03-26 12:00:00,0
1981-03-27 12:00:00,0
1981-03-28 12:00:00,0
1981-03-29 12:00:00,0
1981-03-30 12:00:00,0
1981-03-31 12:00:00,0
1981-04-01 13:00:00,0
1981-04-02 13:00:00,0
1981-04-03 13:00:00,0
1981-04-04 13:00:00,0
1981-04-05 13:00:00,0
1981-04-06 13:00:00,0
1981-04-07 13:00:00,0
1981-04-08 13:00:00,0
1981-04-09 13:00:00,0
1981-04-10 13:00:00,0
1981-04-11 13:00:00,0
1981-04-12 13:00:00,0
1981-04-13 13:00:00,0
1981-04-14 13:00:00,0
1981-04-15 13:00:00,0
1981-04-16 13:00:00,0
1981-04-17 13:00:00,0
1981-04-18 13:00:00,0
1981-04-19 13:00:00,0
1981-04-20 13:00:00,0
1981-04-21 13:00:00,0
1981-04-22 13:00:00,0
1981-04-23 13:00:00,0
1981-04-24 13:00:00,0
1981-04-25 13:00:00,0
1981-04-26 13:00:00,0
1981-04-27 13:00:00,0
1981-04-28 13:00:00,0
1981-04-29 13:00:00,0
1981-04-30 13:00:00,0
1981-05-01 13:00:00,0
1981-05-02 13:00:00,0
1981-05-03 13:00:00,0
1981-05-04 13:00:00,0
1981-05-05 13:00:00,0
1981-05-06 13:00:00,0
1981-05-07 13:00:00,0
1981-05-08 13:00:00,0
1981-05-09 13:00:00,0
1981-05-10 13:00:00,0
1981-05-11 13:00:00,0
1981-05-12 13:00:00,0.0625
1981-05-13 13:00:00,1.5
1981-05-14 13:00:00,16.40625
1981-05-15 13:00:00,37.1875
1981-05-16 13:00:00,46.84375
1981-05-17 13:00:00,48.46875
1981-05-18 13:00:00,45.625
1981-05-19 13:00:00,41.28125
1981-05-20 13:00:00,40.25
1981-05-21 13:00:00,54.375
1981-05-22 13:00:00,114.34375
1981-05-23 13:00:00,268.6875
1981-05-24 13:00:00,439.71875
1981-05-25 13:00:00,502.96875
1981-05-26 13:00:00,519.625
1981-05-27 13:00:00,547.3125
1981-05-28 13:00:00,609.75
1981-05-29 13:00:00,714.25
1981-05-30 13:00:00,845.25
1981-05-31 13:00:00,990.40625
1981-06-01 13:00:00,1184.625
1981-06-02 13:00:00,1511.09375
1981-06-03 13:00:00,1998.5625
1981-06-04 13:00:00,2479.15625
1981-06-05 13:00:00,2832.9375
1981-06-06 13:00:00,3056.375
1981-06-07 13:00:00,3132.6875
1981-06-08 13:00:00,3077.5625
1981-06-09 13:00:00,2951.65625
1981-06-10 13:00:00,2784.21875
1981-06-11 13:00:00,2610.90625
1981-06-12 13:00:00,2432.4375
1981-06-13 13:00:00,2276.8125
1981-06-14 13:00:00,2201.625
1981-06-15 13:00:00,2187.65625
1981-06-16 13:00:00,2167.59375
1981-06-17 13:00:00,2146.375
1981-06-18 13:00:00,2109
1981-06-19 13:00:00,2059.53125
1981-06-20 13:00:00,2022.90625
1981-06-21 13:00:00,2031.84375
1981-06-22 13:00:00,2026.6875
1981-06-23 13:00:00,1947.84375
1981-06-24 13:00:00,1849.78125
1981-06-25 13:00:00,1762.5
1981-06-26 13:00:00,1697.75
1981-06-27 13:00:00,1623
1981-06-28 13:00:00,1545.78125
1981-06-29 13:00:00,1481.65625
1981-06-30 13:00:00,1398.234375
1981-07-01 13:00:00,1316.78125
1981-07-02 13:00:00,1272.453125
1981-07-03 13:00:00,1263.453125
1981-07-04 13:00:00,1248.171875
1981-07-05 13:00:00,1182.171875
1981-07-06 13:00:00,1092.09375
1981-07-07 13:00:00,1009.890625
1981-07-08 13:00:00,982.734375
1981-07-09 13:00:00,1039.390625
1981-07-10 13:00:00,1121.046875
1981-07-11 13:00:00,1092.828125
1981-07-12 13:00:00,1017.265625
1981-07-13 13:00:00,1002.109375
1981-07-14 13:00:00,1130.84375
1981-07-15 13:00:00,1330.0625
1981-07-16 13:00:00,1469.296875
1981-07-17 13:00:00,1572.75
1981-07-18 13:00:00,1616.109375
1981-07-19 13:00:00,1581.75
1981-07-20 13:00:00,1530.53125
1981-07-21 13:00:00,1463.15625
1981-07-22 13:00:00,1384.84375
1981-07-23 13:00:00,1304.46875
1981-07-24 13:00:00,1238.734375
1981-07-25 13:00:00,1272.296875
1981-07-26 13:00:00,1397.96875
1981-07-27 13:00:00,1454.515625
1981-07-28 13:00:00,1492.1875
1981-07-29 13:00:00,1525.03125
1981-07-30 13:00:00,1469.796875
1981-07-31 13:00:00,1384.203125
1981-08-01 13:00:00,1321.609375
1981-08-02 13:00:00,1273.34375
1981-08-03 13:00:00,1194.515625
1981-08-04 13:00:00,1104.703125
1981-08-05 13:00:00,1036.703125
1981-08-06 13:00:00,1029.96875
1981-08-07 13:00:00,1048.0625
1981-08-08 13:00:00,1009.859375
1981-08-09 13:00:00,943.34375
1981-08-10 13:00:00,894.984375
1981-08-11 13:00:00,861.625
1981-08-12 13:00:00,819.953125
1981-08-13 13:00:00,768.015625
1981-08-14 13:00:00,724.171875
1981-08-15 13:00:00,694.203125
1981-08-16 13:00:00,659.703125
1981-08-17 13:00:00,654.5625
1981-08-18 13:00:00,692.265625
1981-08-19 13:00:00,703.1875
1981-08-20 13:00:00,693.140625
1981-08-21 13:00:00,666.3671875
1981-08-22 13:00:00,628.140625
1981-08-23 13:00:00,580.5703125
1981-08-24 13:00:00,529.59375
1981-08-25 13:00:00,480.8125
1981-08-26 13:00:00,436.609375
1981-08-27 13:00:00,398.1171875
1981-08-28 13:00:00,371.1171875
1981-08-29 13:00:00,406.1328125
1981-08-30 13:00:00,539.15625
1981-08-31 13:00:00,670.4140625
1981-09-01 13:00:00,743.875
1981-09-02 13:00:00,818.4140625
1981-09-03 13:00:00,876.609375
1981-09-04 13:00:00,888.5546875
1981-09-05 13:00:00,853.0546875
1981-09-06 13:00:00,805.6875
1981-09-07 13:00:00,763.890625
1981-09-08 13:00:00,711.15625
1981-09-09 13:00:00,666.5
1981-09-10 13:00:00,633.2109375
1981-09-11 13:00:00,592.140625
1981-09-12 13:00:00,546.46875
1981-09-13 13:00:00,513
1981-09-14 13:00:00,494.1484375
1981-09-15 13:00:00,488.25
1981-09-16 13:00:00,464.6484375
1981-09-17 13:00:00,428.4453125
1981-09-18 13:00:00,394.171875
1981-09-19 13:00:00,382.65625
1981-09-20 13:00:00,384.7265625
1981-09-21 13:00:00,366.796875
1981-09-22 13:00:00,338.03125
1981-09-23 13:00:00,309.140625
1981-09-24 13:00:00,292.2109375
1981-09-25 13:00:00,287.703125
1981-09-26 13:00:00,302.6171875
1981-09-27 13:00:00,389.390625
1981-09-28 13:00:00,509.515625
1981-09-29 13:00:00,524.015625
1981-09-30 13:00:00,502.2578125
1981-10-01 12:00:00,502.78125
1981-10-02 12:00:00,552.390625
1981-10-03 12:00:00,590.1875
1981-10-04 12:00:00,574.625
1981-10-05 12:00:00,535.6640625
1981-10-06 12:00:00,486.5
1981-10-07 12:00:00,442.203125
1981-10-08 12:00:00,404.0625
1981-10-09 12:00:00,372.7109375
1981-10-10 12:00:00,350.6171875
1981-10-11 12:00:00,339.21875
1981-10-12 12:00:00,328.8046875
1981-10-13 12:00:00,314.453125
1981-10-14 12:00:00,294.625
1981-10-15 12:00:00,269.390625
1981-10-16 12:00:00,244.7265625
1981-10-17 12:00:00,221.8359375
1981-10-18 12:00:00,200.7421875
1981-10-19 12:00:00,181.21875
1981-10-20 12:00:00,163.0546875
1981-10-21 12:00:00,146.1953125
1981-10-22 12:00:00,130.5703125
1981-10-23 12:00:00,116.140625
1981-10-24 12:00:00,103
1981-10-25 12:00:00,90.9921875
1981-10-26 12:00:00,79.8671875
1981-10-27 12:00:00,69.6484375
1981-10-28 12:00:00,60.3515625
1981-10-29 12:00:00,51.953125
1981-10-30 12:00:00,44.375
1981-10-31 12:00:00,37.53125
1981-11-01 12:00:00,31.375
1981-11-02 12:00:00,26
1981-11-03 12:00:00,21.375
1981-11-04 12:00:00,17.4453125
1981-11-05 12:00:00,14.1640625
1981-11-06 12:00:00,11.4375
1981-11-07 12:00:00,9.1875
1981-11-08 12:00:00,7.3359375
1981-11-09 12:00:00,5.8125
1981-11-10 12:00:00,4.6015625
1981-11-11 12:00:00,3.640625
1981-11-12 12:00:00,2.8984375
1981-11-13 12:00:00,2.328125
1981-11-14 12:00:00,1.890625
1981-11-15 12:00:00,1.5546875
1981-11-16 12:00:00,1.2734375
1981-11-17 12:00:00,1.0546875
1981-11-18 12:00:00,0.8671875
1981-11-19 12:00:00,0.9765625
1981-11-20 12:00:00,1.390625
1981-11-21 12:00:00,1.8203125
1981-11-22 12:00:00,2.5625
1981-11-23 12:00:00,3.328125
1981-11-24 12:00:00,3.3515625
1981-11-25 12:00:00,3.0078125
1981-11-26 12:00:00,2.6171875
1981-11-27 12:00:00,2.2421875
1981-11-28 12:00:00,1.90625
1981-11-29 12:00:00,1.609375
1981-11-30 12:00:00,1.359375
1981-12-01 12:00:00,1.140625
1981-12-02 12:00:00,0.953125
1981-12-03 12:00:00,0.796875
1981-12-04 12:00:00,0.65625
1981-12-05 12:00:00,0.546875
1981-12-06 12:00:00,0.4375
1981-12-07 12:00:00,0.359375
1981-12-08 12:00:00,0.28125
1981-12-09 12:00:00,0.21875
1981-12-10 12:00:00,0.1875
1981-12-11 12:00:00,0.140625
1981-12-12 12:00:00,0.125
1981-12-13 12:00:00,0.09375
1981-12-14 12:00:00,0.078125
1981-12-15 12:00:00,0.0625
1981-12-16 12:00:00,0.046875
1981-12-17 12:00:00,0.046875
1981-12-18 12:00:00,0.046875
1981-12-19 12:00:00,0.03125
1981-12-20 12:00:00,0.03125
1981-12-21 12:00:00,0.015625
1981-12-22 12:00:00,0.015625
1981-12-23 12:00:00,0.015625
1981-12-24 12:00:00,0.015625
1981-12-25 12:00:00,0
1981-12-26 12:00:00,0
1981-12-27 12:00:00,0
1981-12-28 12:00:00,0
1981-12-29 12:00:00,0
1981-12-30 12:00:00,0
1981-12-31 12:00:00,0
1982-01-01 12:00:00,0
1982-01-02 12:00:00,0
1982-01-03 12:00:00,0
1982-01-04 12:00:00,0
1982-01-05 12:00:00,0
1982-01-06 12:00:00,0
1982-01-07 12:00:00,0
1982-01-08 12:00:00,0
1982-01-09 12:00:00,0
1982-01-10 12:00:00,0
1982-01-11 12:00:00,0
1982-01-12 12:00:00,0
1982-01-13 12:00:00,0
1982-01-14 12:00:00,0
1982-01-15 12:00:00,0
1982-01-16 12:00:00,0
1982-01-17 12:00:00,0
1982-01-18 12:00:00,0
1982-01-19 12:00:00,0
1982-01-20 12:00:00,0
1982-01-21 12:00:00,0
1982-01-22 12:00:00,0
1982-01-23 12:00:00,0
1982-01-24 12:00:00,0
1982-01-25 12:00:00,0
1982-01-26 12:00:00,0
1982-01-27 12:00:00,0
1982-01-28 12:00:00,0
1982-01-29 12:00:00,0
1982-01-30 12:00:00,0
1982-01-31 12:00:00,0
1982-02-01 12:00:00,0
1982-02-02 12:00:00,0
1982-02-03 12:00:00,0
1982-02-04 12:00:00,0
1982-02-05 12:00:00,0
1982-02-06 12:00:00,0
1982-02-07 12:00:00,0
1982-02-08 12:00:00,0
1982-02-09 12:00:00,0
1982-02-10 12:00:00,0
1982-02-11 12:00:00,0
1982-02-12 12:00:00,0
1982-02-13 12:00:00,0
1982-02-14 12:00:00,0
1982-02-15 12:00:00,0
1982-02-16 12:00:00,0
1982-02-17 12:00:00,0
1982-02-18 12:00:00,0
1982-02-19 12:00:00,0
1982-02-20 12:00:00,0
1982-02-21 12:00:00,0
1982-02-22 12:00:00,0
1982-02-23 12:00:00,0
1982-02-24 12:00:00,0
1982-02-25 12:00:00,0
1982-02-26 12:00:00,0
1982-02-27 12:00:00,0
1982-02-28 12:00:00,0
1982-03-01 12:00:00,0
1982-03-02 12:00:00,0
1982-03-03 12:00:00,0
1982-03-04 12:00:00,0
1982-03-05 12:00:00,0
1982-03-06 12:00:00,0
1982-03-07 12:00:00,0
1982-03-08 12:00:00,0
1982-03-09 12:00:00,0
1982-03-10 12:00:00,0
1982-03-11 12:00:00,0
1982-03-12 12:00:00,0
1982-03-13 12:00:00,0
1982-03-14 12:00:00,0
1982-03-15 12:00:00,0
1982-03-16 12:00:00,0
1982-03-17 12:00:00,0
1982-03-18 12:00:00,0
1982-03-19 12:00:00,0
1982-03-20 12:00:00,0
1982-03-21 12:00:00,0
1982-03-22 12:00:00,0
1982-03-23 12:00:00,0
1982-03-24 12:00:00,0
1982-03-25 12:00:00,0
1982-03-26 12:00:00,0
1982-03-27 12:00:00,0
1982-03-28 12:00:00,0
1982-03-29 12:00:00,0
1982-03-30 12:00:00,0
1982-03-31 12:00:00,0
1982-04-01 13:00:00,0
1982-04-02 13:00:00,0
1982-04-03 13:00:00,0
1982-04-04 13:00:00,0
1982-04-05 13:00:00,0
1982-04-06 13:00:00,0
1982-04-07 13:00:00,0
1982-04-08 13:00:00,0
1982-04-09 13:00:00,0
1982-04-10 13:00:00,0
1982-04-11 13:00:00,0
1982-04-12 13:00:00,0
1982-04-13 13:00:00,0
1982-04-14 13:00:00,0
1982-04-15 13:00:00,0
1982-04-16 13:00:00,0
1982-04-17 13:00:00,0
1982-04-18 13:00:00,0
1982-04-19 13:00:00,0
1982-04-20 13:00:00,0
1982-04-21 13:00:00,0
1982-04-22 13:00:00,0
1982-04-23 13:00:00,0
1982-04-24 13:00:00,0
1982-04-25 13:00:00,0
1982-04-26 13:00:00,0
1982-04-27 13:00:00,0
1982-04-28 13:00:00,0
1982-04-29 13:00:00,0
1982-04-30 13:00:00,0
1982-05-01 13:00:00,0
1982-05-02 13:00:00,0
1982-05-03 13:00:00,0
1982-05-04 13:00:00,0
1982-05-05 13:00:00,0
1982-05-06 13:00:00,0
1982-05-07 13:00:00,0
1982-05-08 13:00:00,0
1982-05-09 13:00:00,0
1982-05-10 13:00:00,0
1982-05-11 13:00:00,0
1982-05-12 13:00:00,0
1982-05-13 13:00:00,0
1982-05-14 13:00:00,0
1982-05-15 13:00:00,0
1982-05-16 13:00:00,0
1982-05-17 13:00:00,0
1982-05-18 13:00:00,0
1982-05-19 13:00:00,0
1982-05-20 13:00:00,0
1982-05-21 13:00:00,0
1982-05-22 13:00:00,0
1982-05-23 13:00:00,0.75
1982-05-24 13:00:00,26.28125
1982-05-25 13:00:00,142.15625
1982-05-26 13:00:00,205.59375
1982-05-27 13:00:00,224.5
1982-05-28 13:00:00,220.625
1982-05-29 13:00:00,208.375
1982-05-30 13:00:00,199.1875
1982-05-31 13:00:00,203.0625
1982-06-01 13:00:00,225.25
1982-06-02 13:00:00,263.65625
1982-06-03 13:00:00,306.75
1982-06-04 13:00:00,356.40625
1982-06-05 13:00:00,433.8125
1982-06-06 13:00:00,528
1982-06-07 13:00:00,616.3125
1982-06-08 13:00:00,650.53125
1982-06-09 13:00:00,628.75
1982-06-10 13:00:00,606.3125
1982-06-11 13:00:00,634.5
1982-06-12 13:00:00,708.875
1982-06-13 13:00:00,775.25
1982-06-14 13:00:00,887.90625
1982-06-15 13:00:00,1133.53125
1982-06-16 13:00:00,1530.234375
1982-06-17 13:00:00,2035.453125
1982-06-18 13:00:00,2556.671875
1982-06-19 13:00:00,2934.21875
1982-06-20 13:00:00,3080.34375
1982-06-21 13:00:00,3147.09375
1982-06-22 13:00:00,3304.078125
1982-06-23 13:00:00,3816.15625
1982-06-24 13:00:00,4571.546875
1982-06-25 13:00:00,4983.421875
1982-06-26 13:00:00,5076.765625
1982-06-27 13:00:00,5003.671875
1982-06-28 13:00:00,4811.375
1982-06-29 13:00:00,4541.796875
1982-06-30 13:00:00,4238.1875
1982-07-01 13:00:00,3924.421875
1982-07-02 13:00:00,3630.46875
1982-07-03 13:00:00,3370.34375
1982-07-04 13:00:00,3220
1982-07-05 13:00:00,3152.71875
1982-07-06 13:00:00,3013.09375
1982-07-07 13:00:00,2858.5625
1982-07-08 13:00:00,2690.078125
1982-07-09 13:00:00,2582.546875
1982-07-10 13:00:00,2538.359375
1982-07-11 13:00:00,2454.6875
1982-07-12 13:00:00,2338.84375
1982-07-13 13:00:00,2205.359375
1982-07-14 13:00:00,2054.171875
1982-07-15 13:00:00,1901.84375
1982-07-16 13:00:00,1778.6875
1982-07-17 13:00:00,1742.484375
1982-07-18 13:00:00,1750.625
1982-07-19 13:00:00,1694.4375
1982-07-20 13:00:00,1590.078125
1982-07-21 13:00:00,1481.1875
1982-07-22 13:00:00,1378.921875
1982-07-23 13:00:00,1289.125
1982-07-24 13:00:00,1219.375
1982-07-25 13:00:00,1141.15625
1982-07-26 13:00:00,1054.421875
1982-07-27 13:00:00,969.953125
1982-07-28 13:00:00,892.15625
1982-07-29 13:00:00,821.25
1982-07-30 13:00:00,756.375
1982-07-31 13:00:00,696.15625
1982-08-01 13:00:00,642.796875
1982-08-02 13:00:00,606.140625
1982-08-03 13:00:00,596.359375
1982-08-04 13:00:00,621.234375
1982-08-05 13:00:00,635.578125
1982-08-06 13:00:00,615.9375
1982-08-07 13:00:00,586.15625
1982-08-08 13:00:00,572.140625
1982-08-09 13:00:00,627.390625
1982-08-10 13:00:00,718.90625
1982-08-11 13:00:00,777.4375
1982-08-12 13:00:00,778.453125
1982-08-13 13:00:00,733.515625
1982-08-14 13:00:00,688.046875
1982-08-15 13:00:00,641.875
1982-08-16 13:00:00,593.109375
1982-08-17 13:00:00,545.296875
1982-08-18 13:00:00,538.8125
1982-08-19 13:00:00,644.3125
1982-08-20 13:00:00,830.625
1982-08-21 13:00:00,971.046875
1982-08-22 13:00:00,968.25
1982-08-23 13:00:00,923.09375
1982-08-24 13:00:00,893.46875
1982-08-25 13:00:00,853.4375
1982-08-26 13:00:00,844.6875
1982-08-27 13:00:00,836.046875
1982-08-28 13:00:00,802.828125
1982-08-29 13:00:00,764.5625
1982-08-30 13:00:00,734.359375
1982-08-31 13:00:00,728.671875
1982-09-01 13:00:00,717.921875
1982-09-02 13:00:00,686.390625
1982-09-03 13:00:00,694.078125
1982-09-04 13:00:00,726.0625
1982-09-05 13:00:00,753.78125
1982-09-06 13:00:00,775.109375
1982-09-07 13:00:00,800.65625
1982-09-08 13:00:00,791.90625
1982-09-09 13:00:00,743.765625
1982-09-10 13:00:00,702.890625
1982-09-11 13:00:00,691.0859375
1982-09-12 13:00:00,677.4140625
1982-09-13 13:00:00,656.28125
1982-09-14 13:00:00,618.1953125
1982-09-15 13:00:00,568.671875
1982-09-16 13:00:00,519.7578125
1982-09-17 13:00:00,475.8203125
1982-09-18 13:00:00,437.0703125
1982-09-19 13:00:00,401.6328125
1982-09-20 13:00:00,368.0859375
1982-09-21 13:00:00,336.1328125
1982-09-22 13:00:00,306.640625
1982-09-23 13:00:00,279.125
1982-09-24 13:00:00,254.4375
1982-09-25 13:00:00,240.7578125
1982-09-26 13:00:00,248.984375
1982-09-27 13:00:00,273.34375
1982-09-28 13:00:00,279.8359375
1982-09-29 13:00:00,263.3671875
1982-09-30 13:00:00,244.3984375
1982-10-01 12:00:00,237.2265625
1982-10-02 12:00:00,234.921875
1982-10-03 12:00:00,224.1875
1982-10-04 12:00:00,206.7421875
1982-10-05 12:00:00,187.640625
1982-10-06 12:00:00,169.0859375
1982-10-07 12:00:00,151.8359375
1982-10-08 12:00:00,136.0390625
1982-10-09 12:00:00,121.375
1982-10-10 12:00:00,107.9921875
1982-10-11 12:00:00,95.734375
1982-10-12 12:00:00,84.359375
1982-10-13 12:00:00,73.8671875
1982-10-14 12:00:00,64.234375
1982-10-15 12:00:00,55.5625
1982-10-16 12:00:00,47.9140625
1982-10-17 12:00:00,41.2109375
1982-10-18 12:00:00,35.21875
1982-10-19 12:00:00,29.9453125
1982-10-20 12:00:00,25.28125
1982-10-21 12:00:00,22.640625
1982-10-22 12:00:00,24.71875
1982-10-23 12:00:00,33.4609375
1982-10-24 12:00:00,39.8125
1982-10-25 12:00:00,39.75
1982-10-26 12:00:00,36.203125
1982-10-27 12:00:00,32.1171875
1982-10-28 12:00:00,28.28125
1982-10-29 12:00:00,24.8046875
1982-10-30 12:00:00,21.765625
1982-10-31 12:00:00,19.078125
1982-11-01 12:00:00,16.671875
1982-11-02 12:00:00,14.515625
1982-11-03 12:00:00,12.5859375
1982-11-04 12:00:00,10.8203125
1982-11-05 12:00:00,9.2578125
1982-11-06 12:00:00,7.8828125
1982-11-07 12:00:00,6.625
1982-11-08 12:00:00,5.5078125
1982-11-09 12:00:00,4.53125
1982-11-10 12:00:00,3.6875
1982-11-11 12:00:00,3.0234375
1982-11-12 12:00:00,2.4921875
1982-11-13 12:00:00,2.0546875
1982-11-14 12:00:00,1.671875
1982-11-15 12:00:00,1.3515625
1982-11-16 12:00:00,1.1015625
1982-11-17 12:00:00,0.90625
1982-11-18 12:00:00,0.75
1982-11-19 12:00:00,0.6015625
1982-11-20 12:00:00,0.484375
1982-11-21 12:00:00,0.3984375
1982-11-22 12:00:00,0.3359375
1982-11-23 12:00:00,0.28125
1982-11-24 12:00:00,0.234375
1982-11-25 12:00:00,0.203125
1982-11-26 12:00:00,0.1875
1982-11-27 12:00:00,0.15625
1982-11-28 12:00:00,0.140625
1982-11-29 12:00:00,0.125
1982-11-30 12:00:00,0.109375
1982-12-01 12:00:00,0.09375
1982-12-02 12:00:00,0.078125
1982-12-03 12:00:00,0.0625
1982-12-04 12:00:00,0.046875
1982-12-05 12:00:00,0.03125
1982-12-06 12:00:00,0.03125
1982-12-07 12:00:00,0.03125
1982-12-08 12:00:00,0.015625
1982-12-09 12:00:00,0.015625
1982-12-10 12:00:00,0.015625
1982-12-11 12:00:00,0
1982-12-12 12:00:00,0
1982-12-13 12:00:00,0
1982-12-14 12:00:00,0
1982-12-15 12:00:00,0
1982-12-16 12:00:00,0
1982-12-17 12:00:00,0
1982-12-18 12:00:00,0
1982-12-19 12:00:00,0
1982-12-20 12:00:00,0
1982-12-21 12:00:00,0
1982-12-22 12:00:00,0
1982-12-23 12:00:00,0
1982-12-24 12:00:00,0
1982-12-25 12:00:00,0
1982-12-26 12:00:00,0
1982-12-27 12:00:00,0
1982-12-28 12:00:00,0
1982-12-29 12:00:00,0
1982-12-30 12:00:00,0
1982-12-31 12:00:00,0
1983-01-01 12:00:00,0
1983-01-02 12:00:00,0
1983-01-03 12:00:00,0
1983-01-04 12:00:00,0
1983-01-05 12:00:00,0
1983-01-06 12:00:00,0
1983-01-07 12:00:00,0
1983-01-08 12:00:00,0
1983-01-09 12:00:00,0
1983-01-10 12:00:00,0
1983-01-11 12:00:00,0
1983-01-12 12:00:00,0
1983-01-13 12:00:00,0
1983-01-14 12:00:00,0
1983-01-15 12:00:00,0
1983-01-16 12:00:00,0
1983-01-17 12:00:00,0
1983-01-18 12:00:00,0
1983-01-19 12:00:00,0
1983-01-20 12:00:00,0
1983-01-21 12:00:00,0
1983-01-22 12:00:00,0
1983-01-23 12:00:00,0
1983-01-24 12:00:00,0
1983-01-25 12:00:00,0
1983-01-26 12:00:00,0
1983-01-27 12:00:00,0
1983-01-28 12:00:00,0
1983-01-29 12:00:00,0
1983-01-30 12:00:00,0
1983-01-31 12:00:00,0
1983-02-01 12:00:00,0
1983-02-02 12:00:00,0
1983-02-03 12:00:00,0
1983-02-04 12:00:00,0
1983-02-05 12:00:00,0
1983-02-06 12:00:00,0
1983-02-07 12:00:00,0
1983-02-08 12:00:00,0
1983-02-09 12:00:00,0
1983-02-10 12:00:00,0
1983-02-11 12:00:00,0
1983-02-12 12:00:00,0
1983-02-13 12:00:00,0
1983-02-14 12:00:00,0
1983-02-15 12:00:00,0
1983-02-16 12:00:00,0
1983-02-17 12:00:00,0
1983-02-18 12:00:00,0
1983-02-19 12:00:00,0
1983-02-20 12:00:00,0
1983-02-21 12:00:00,0
1983-02-22 12:00:00,0
1983-02-23 12:00:00,0
1983-02-24 12:00:00,0
1983-02-25 12:00:00,0
1983-02-26 12:00:00,0
1983-02-27 12:00:00,0
1983-02-28 12:00:00,0
1983-03-01 12:00:00,0
1983-03-02 12:00:00,0
1983-03-03 12:00:00,0
1983-03-04 12:00:00,0
1983-03-05 12:00:00,0
1983-03-06 12:00:00,0
1983-03-07 12:00:00,0
1983-03-08 12:00:00,0
1983-03-09 12:00:00,0
1983-03-10 12:00:00,0
1983-03-11 12:00:00,0
1983-03-12 12:00:00,0
1983-03-13 12:00:00,0
1983-03-14 12:00:00,0
1983-03-15 12:00:00,0
1983-03-16 12:00:00,0
1983-03-17 12:00:00,0
1983-03-18 12:00:00,0
1983-03-19 12:00:00,0
1983-03-20 12:00:00,0
1983-03-21 12:00:00,0
1983-03-22 12:00:00,0
1983-03-23 12:00:00,0
1983-03-24 12:00:00,0
1983-03-25 12:00:00,0
1983-03-26 12:00:00,0
1983-03-27 12:00:00,0
1983-03-28 12:00:00,0
1983-03-29 12:00:00,0
1983-03-30 12:00:00,0
1983-03-31 12:00:00,0
1983-04-01 13:00:00,0
1983-04-02 13:00:00,0
1983-04-03 13:00:00,0
1983-04-04 13:00:00,0
1983-04-05 13:00:00,0
1983-04-06 13:00:00,0
1983-04-07 13:00:00,0
1983-04-08 13:00:00,0
1983-04-09 13:00:00,0
1983-04-10 13:00:00,0
1983-04-11 13:00:00,0
1983-04-12 13:00:00,0
1983-04-13 13:00:00,0
1983-04-14 13:00:00,0
1983-04-15 13:00:00,0
1983-04-16 13:00:00,0
1983-04-17 13:00:00,0
1983-04-18 13:00:00,0
1983-04-19 13:00:00,0
1983-04-20 13:00:00,0
1983-04-21 13:00:00,0
1983-04-22 13:00:00,0
1983-04-23 13:00:00,0
1983-04-24 13:00:00,0
1983-04-25 13:00:00,0
1983-04-26 13:00:00,0
1983-04-27 13:00:00,0
1983-04-28 13:00:00,0
1983-04-29 13:00:00,0
1983-04-30 13:00:00,0
1983-05-01 13:00:00,0
1983-05-02 13:00:00,0
1983-05-03 13:00:00,0
1983-05-04 13:00:00,0
1983-05-05 13:00:00,0
1983-05-06 13:00:00,0
1983-05-07 13:00:00,0
1983-05-08 13:00:00,0
1983-05-09 13:00:00,0
1983-05-10 13:00:00,0
1983-05-11 13:00:00,0
1983-05-12 13:00:00,0
1983-05-13 13:00:00,0
1983-05-14 13:00:00,0.40625
1983-05-15 13:00:00,5.5
1983-05-16 13:00:00,47.6875
1983-05-17 13:00:00,152.6875
1983-05-18 13:00:00,284.75
1983-05-19 13:00:00,444.90625
1983-05-20 13:00:00,570.15625
1983-05-21 13:00:00,651.1875
1983-05-22 13:00:00,684.78125
1983-05-23 13:00:00,665.125
1983-05-24 13:00:00,632.25
1983-05-25 13:00:00,624.46875
1983-05-26 13:00:00,681.28125
1983-05-27 13:00:00,847.375
1983-05-28 13:00:00,1020.59375
1983-05-29 13:00:00,1054.59375
1983-05-30 13:00:00,1039.328125
1983-05-31 13:00:00,1048.484375
1983-06-01 13:00:00,1047.78125
1983-06-02 13:00:00,1012.65625
1983-06-03 13:00:00,947.78125
1983-06-04 13:00:00,878.796875
1983-06-05 13:00:00,818.875
1983-06-06 13:00:00,764.171875
1983-06-07 13:00:00,717.03125
1983-06-08 13:00:00,733.078125
1983-06-09 13:00:00,902.25
1983-06-10 13:00:00,1248.0625
1983-06-11 13:00:00,1625.4375
1983-06-12 13:00:00,2081.859375
1983-06-13 13:00:00,2704.9375
1983-06-14 13:00:00,3310.1875
1983-06-15 13:00:00,3542.171875
1983-06-16 13:00:00,3461.109375
1983-06-17 13:00:00,3431.515625
1983-06-18 13:00:00,3364.734375
1983-06-19 13:00:00,3184.40625
1983-06-20 13:00:00,3080.453125
1983-06-21 13:00:00,3111.09375
1983-06-22 13:00:00,3077.140625
1983-06-23 13:00:00,2948
1983-06-24 13:00:00,2778.671875
1983-06-25 13:00:00,2599.546875
1983-06-26 13:00:00,2441.046875
1983-06-27 13:00:00,2335.796875
1983-06-28 13:00:00,2249.15625
1983-06-29 13:00:00,2115.359375
1983-06-30 13:00:00,1960.46875
1983-07-01 13:00:00,1818.125
1983-07-02 13:00:00,1704.3125
1983-07-03 13:00:00,1636.25
1983-07-04 13:00:00,1604.875
1983-07-05 13:00:00,1562.59375
1983-07-06 13:00:00,1485.421875
1983-07-07 13:00:00,1457.375
1983-07-08 13:00:00,1536.015625
1983-07-09 13:00:00,1628.234375
1983-07-10 13:00:00,1586.46875
1983-07-11 13:00:00,1488.359375
1983-07-12 13:00:00,1395.546875
1983-07-13 13:00:00,1357.75
1983-07-14 13:00:00,1377.3125
1983-07-15 13:00:00,1366.859375
1983-07-16 13:00:00,1314.625
1983-07-17 13:00:00,1286.75
1983-07-18 13:00:00,1291.90625
1983-07-19 13:00:00,1250.578125
1983-07-20 13:00:00,1229.734375
1983-07-21 13:00:00,1228.796875
1983-07-22 13:00:00,1172.171875
1983-07-23 13:00:00,1098.703125
1983-07-24 13:00:00,1027.5
1983-07-25 13:00:00,959.34375
1983-07-26 13:00:00,895.625
1983-07-27 13:00:00,865.4375
1983-07-28 13:00:00,869.75
1983-07-29 13:00:00,863.046875
1983-07-30 13:00:00,895.15625
1983-07-31 13:00:00,1030.109375
1983-08-01 13:00:00,1151.34375
1983-08-02 13:00:00,1240.671875
1983-08-03 13:00:00,1260.59375
1983-08-04 13:00:00,1308.3671875
1983-08-05 13:00:00,1425.2890625
1983-08-06 13:00:00,1501.3203125
1983-08-07 13:00:00,1536.7421875
1983-08-08 13:00:00,1479.6328125
1983-08-09 13:00:00,1396.71875
1983-08-10 13:00:00,1312.375
1983-08-11 13:00:00,1236.3046875
1983-08-12 13:00:00,1173.84375
1983-08-13 13:00:00,1138.65625
1983-08-14 13:00:00,1116.2734375
1983-08-15 13:00:00,1057.7109375
1983-08-16 13:00:00,972.90625
1983-08-17 13:00:00,881.71875
1983-08-18 13:00:00,809.5078125
1983-08-19 13:00:00,776.7265625
1983-08-20 13:00:00,780.671875
1983-08-21 13:00:00,786.875
1983-08-22 13:00:00,756.9765625
1983-08-23 13:00:00,711.578125
1983-08-24 13:00:00,657.9609375
1983-08-25 13:00:00,601.3828125
1983-08-26 13:00:00,549.8203125
1983-08-27 13:00:00,504.21875
1983-08-28 13:00:00,511.6796875
1983-08-29 13:00:00,583.2578125
1983-08-30 13:00:00,579.46875
1983-08-31 13:00:00,540.2265625
1983-09-01 13:00:00,526.7734375
1983-09-02 13:00:00,537.1484375
1983-09-03 13:00:00,505.609375
1983-09-04 13:00:00,467.3046875
1983-09-05 13:00:00,438.890625
1983-09-06 13:00:00,411.1171875
1983-09-07 13:00:00,386.140625
1983-09-08 13:00:00,368.96875
1983-09-09 13:00:00,348.5078125
1983-09-10 13:00:00,323.28125
1983-09-11 13:00:00,321.265625
1983-09-12 13:00:00,327.6171875
1983-09-13 13:00:00,306.9921875
1983-09-14 13:00:00,279.9140625
1983-09-15 13:00:00,254.0390625
1983-09-16 13:00:00,230.5390625
1983-09-17 13:00:00,208.8046875
1983-09-18 13:00:00,190.421875
1983-09-19 13:00:00,183.390625
1983-09-20 13:00:00,183.6640625
1983-09-21 13:00:00,176.953125
1983-09-22 13:00:00,165.296875
1983-09-23 13:00:00,153.921875
1983-09-24 13:00:00,145.9453125
1983-09-25 13:00:00,143.2734375
1983-09-26 13:00:00,148.28125
1983-09-27 13:00:00,170.3359375
1983-09-28 13:00:00,191.953125
1983-09-29 13:00:00,208.8828125
1983-09-30 13:00:00,208.1015625
1983-10-01 12:00:00,191.859375
1983-10-02 12:00:00,173.3203125
1983-10-03 12:00:00,155.609375
1983-10-04 12:00:00,139.5078125
1983-10-05 12:00:00,124.6484375
1983-10-06 12:00:00,110.75
1983-10-07 12:00:00,98.125
1983-10-08 12:00:00,86.4140625
1983-10-09 12:00:00,75.4765625
1983-10-10 12:00:00,65.3984375
1983-10-11 12:00:00,56.4375
1983-10-12 12:00:00,48.546875
1983-10-13 12:00:00,41.5859375
1983-10-14 12:00:00,35.453125
1983-10-15 12:00:00,30.078125
1983-10-16 12:00:00,25.4375
1983-10-17 12:00:00,21.46875
1983-10-18 12:00:00,18.046875
1983-10-19 12:00:00,15.1015625
1983-10-20 12:00:00,12.6015625
1983-10-21 12:00:00,10.484375
1983-10-22 12:00:00,8.703125
1983-10-23 12:00:00,7.1953125
1983-10-24 12:00:00,5.9296875
1983-10-25 12:00:00,4.8984375
1983-10-26 12:00:00,4.03125
1983-10-27 12:00:00,3.328125
1983-10-28 12:00:00,2.7734375
1983-10-29 12:00:00,2.3203125
1983-10-30 12:00:00,1.9453125
1983-10-31 12:00:00,1.640625
1983-11-01 12:00:00,1.390625
1983-11-02 12:00:00,1.1875
1983-11-03 12:00:00,1.0234375
1983-11-04 12:00:00,0.8828125
1983-11-05 12:00:00,0.765625
1983-11-06 12:00:00,0.6640625
1983-11-07 12:00:00,0.578125
1983-11-08 12:00:00,0.5
1983-11-09 12:00:00,0.4375
1983-11-10 12:00:00,0.390625
1983-11-11 12:00:00,0.34375
1983-11-12 12:00:00,0.296875
1983-11-13 12:00:00,0.25
1983-11-14 12:00:00,0.21875
1983-11-15 12:00:00,0.1875
1983-11-16 12:00:00,0.171875
1983-11-17 12:00:00,0.15625
1983-11-18 12:00:00,0.125
1983-11-19 12:00:00,0.109375
1983-11-20 12:00:00,0.109375
1983-11-21 12:00:00,0.09375
1983-11-22 12:00:00,0.078125
1983-11-23 12:00:00,0.078125
1983-11-24 12:00:00,0.0625
1983-11-25 12:00:00,0.0625
1983-11-26 12:00:00,0.046875
1983-11-27 12:00:00,0.046875
1983-11-28 12:00:00,0.046875
1983-11-29 12:00:00,0.03125
1983-11-30 12:00:00,0.03125
1983-12-01 12:00:00,0.03125
1983-12-02 12:00:00,0.015625
1983-12-03 12:00:00,0.015625
1983-12-04 12:00:00,0
1983-12-05 12:00:00,0
1983-12-06 12:00:00,0
1983-12-07 12:00:00,0
1983-12-08 12:00:00,0
1983-12-09 12:00:00,0
1983-12-10 12:00:00,0
1983-12-11 12:00:00,0
1983-12-12 12:00:00,0
1983-12-13 12:00:00,0
1983-12-14 12:00:00,0
1983-12-15 12:00:00,0
1983-12-16 12:00:00,0
1983-12-17 12:00:00,0
1983-12-18 12:00:00,0
1983-12-19 12:00:00,0
1983-12-20 12:00:00,0
1983-12-21 12:00:00,0
1983-12-22 12:00:00,0
1983-12-23 12:00:00,0
1983-12-24 12:00:00,0
1983-12-25 12:00:00,0
1983-12-26 12:00:00,0
1983-12-27 12:00:00,0
1983-12-28 12:00:00,0
1983-12-29 12:00:00,0
1983-12-30 12:00:00,0
1983-12-31 12:00:00,0
1984-01-01 12:00:00,0
1984-01-02 12:00:00,0
1984-01-03 12:00:00,0
1984-01-04 12:00:00,0
1984-01-05 12:00:00,0
1984-01-06 12:00:00,0
1984-01-07 12:00:00,0
1984-01-08 12:00:00,0
1984-01-09 12:00:00,0
1984-01-10 12:00:00,0
1984-01-11 12:00:00,0
1984-01-12 12:00:00,0
1984-01-13 12:00:00,0
1984-01-14 12:00:00,0
1984-01-15 12:00:00,0
1984-01-16 12:00:00,0
1984-01-17 12:00:00,0
1984-01-18 12:00:00,0
1984-01-19 12:00:00,0
1984-01-20 12:00:00,0
1984-01-21 12:00:00,0
1984-01-22 12:00:00,0
1984-01-23 12:00:00,0
1984-01-24 12:00:00,0
1984-01-25 12:00:00,0
1984-01-26 12:00:00,0
1984-01-27 12:00:00,0
1984-01-28 12:00:00,0
1984-01-29 12:00:00,0
1984-01-30 12:00:00,0
1984-01-31 12:00:00,0
1984-02-01 12:00:00,0
1984-02-02 12:00:00,0
1984-02-03 12:00:00,0
1984-02-04 12:00:00,0
1984-02-05 12:00:00,0
1984-02-06 12:00:00,0
1984-02-07 12:00:00,0
1984-02-08 12:00:00,0
1984-02-09 12:00:00,0
1984-02-10 12:00:00,0
1984-02-11 12:00:00,0
1984-02-12 12:00:00,0
1984-02-13 12:00:00,0
1984-02-14 12:00:00,0
1984-02-15 12:00:00,0
1984-02-16 12:00:00,0
1984-02-17 12:00:00,0
1984-02-18 12:00:00,0
1984-02-19 12:00:00,0
1984-02-20 12:00:00,0
1984-02-21 12:00:00,0
1984-02-22 12:00:00,0
1984-02-23 12:00:00,0
1984-02-24 12:00:00,0
1984-02-25 12:00:00,0
1984-02-26 12:00:00,0
1984-02-27 12:00:00,0
1984-02-28 12:00:00,0
1984-02-29 12:00:00,0
1984-03-01 12:00:00,0
1984-03-02 12:00:00,0
1984-03-03 12:00:00,0
1984-03-04 12:00:00,0
1984-03-05 12:00:00,0
1984-03-06 12:00:00,0
1984-03-07 12:00:00,0
1984-03-08 12:00:00,0
1984-03-09 12:00:00,0
1984-03-10 12:00:00,0
1984-03-11 12:00:00,0
1984-03-12 12:00:00,0
1984-03-13 12:00:00,0
1984-03-14 12:00:00,0
1984-03-15 12:00:00,0
1984-03-16 12:00:00,0
1984-03-17 12:00:00,0
1984-03-18 12:00:00,0
1984-03-19 12:00:00,0
1984-03-20 12:00:00,0
1984-03-21 12:00:00,0
1984-03-22 12:00:00,0
1984-03-23 12:00:00,0
1984-03-24 12:00:00,0
1984-03-25 12:00:00,0
1984-03-26 12:00:00,0
1984-03-27 12:00:00,0
1984-03-28 12:00:00,0
1984-03-29 12:00:00,0
1984-03-30 12:00:00,0
1984-03-31 12:00:00,0
1984-04-01 13:00:00,0
1984-04-02 13:00:00,0
1984-04-03 13:00:00,0
1984-04-04 13:00:00,0
1984-04-05 13:00:00,0
1984-04-06 13:00:00,0
1984-04-07 13:00:00,0
1984-04-08 13:00:00,0
1984-04-09 13:00:00,0
1984-04-10 13:00:00,0
1984-04-11 13:00:00,0
1984-04-12 13:00:00,0
1984-04-13 13:00:00,0
1984-04-14 13:00:00,0
1984-04-15 13:00:00,0
1984-04-16 13:00:00,0
1984-04-17 13:00:00,0
1984-04-18 13:00:00,0
1984-04-19 13:00:00,0
1984-04-20 13:00:00,0
1984-04-21 13:00:00,0
1984-04-22 13:00:00,0
1984-04-23 13:00:00,0
1984-04-24 13:00:00,0
1984-04-25 13:00:00,0
1984-04-26 13:00:00,0
1984-04-27 13:00:00,0
1984-04-28 13:00:00,0
1984-04-29 13:00:00,0
1984-04-30 13:00:00,0
1984-05-01 13:00:00,0
1984-05-02 13:00:00,0
1984-05-03 13:00:00,0
1984-05-04 13:00:00,0
1984-05-05 13:00:00,0
1984-05-06 13:00:00,0
1984-05-07 13:00:00,0
1984-05-08 13:00:00,0.15625
1984-05-09 13:00:00,0.875
1984-05-10 13:00:00,3.8125
1984-05-11 13:00:00,18.5625
1984-05-12 13:00:00,45.5625
1984-05-13 13:00:00,70.25
1984-05-14 13:00:00,101.34375
1984-05-15 13:00:00,160.5625
1984-05-16 13:00:00,241.28125
1984-05-17 13:00:00,308.25
1984-05-18 13:00:00,367.21875
1984-05-19 13:00:00,443.03125
1984-05-20 13:00:00,529.5625
1984-05-21 13:00:00,678.125
1984-05-22 13:00:00,893.84375
1984-05-23 13:00:00,1056.6875
1984-05-24 13:00:00,1068.6875
1984-05-25 13:00:00,1040.96875
1984-05-26 13:00:00,1089.875
1984-05-27 13:00:00,1159
1984-05-28 13:00:00,1130.46875
1984-05-29 13:00:00,1099.125
1984-05-30 13:00:00,1075.21875
1984-05-31 13:00:00,1006.25
1984-06-01 13:00:00,948.1875
1984-06-02 13:00:00,979.71875
1984-06-03 13:00:00,1167.375
1984-06-04 13:00:00,1566.5625
1984-06-05 13:00:00,2079.59375
1984-06-06 13:00:00,2490.4375
1984-06-07 13:00:00,2693.90625
1984-06-08 13:00:00,2811.46875
1984-06-09 13:00:00,2840.375
1984-06-10 13:00:00,2726.59375
1984-06-11 13:00:00,2585.375
1984-06-12 13:00:00,2507.59375
1984-06-13 13:00:00,2442.375
1984-06-14 13:00:00,2402.25
1984-06-15 13:00:00,2353.8125
1984-06-16 13:00:00,2276.40625
1984-06-17 13:00:00,2239.34375
1984-06-18 13:00:00,2216.84375
1984-06-19 13:00:00,2200.59375
1984-06-20 13:00:00,2105.21875
1984-06-21 13:00:00,1992.84375
1984-06-22 13:00:00,1946.65625
1984-06-23 13:00:00,1921.9375
1984-06-24 13:00:00,1826.40625
1984-06-25 13:00:00,1693.0625
1984-06-26 13:00:00,1576.03125
1984-06-27 13:00:00,1507.28125
1984-06-28 13:00:00,1455.96875
1984-06-29 13:00:00,1396.1875
1984-06-30 13:00:00,1349.96875
1984-07-01 13:00:00,1327.59375
1984-07-02 13:00:00,1296.1875
1984-07-03 13:00:00,1241.625
1984-07-04 13:00:00,1232.046875
1984-07-05 13:00:00,1251.96875
1984-07-06 13:00:00,1259.296875
1984-07-07 13:00:00,1322.578125
1984-07-08 13:00:00,1431.140625
1984-07-09 13:00:00,1453.90625
1984-07-10 13:00:00,1388.265625
1984-07-11 13:00:00,1297.890625
1984-07-12 13:00:00,1202.75
1984-07-13 13:00:00,1109.0625
1984-07-14 13:00:00,1053.953125
1984-07-15 13:00:00,1071.8125
1984-07-16 13:00:00,1076.4375
1984-07-17 13:00:00,1026.46875
1984-07-18 13:00:00,958.96875
1984-07-19 13:00:00,888.671875
1984-07-20 13:00:00,859.5625
1984-07-21 13:00:00,893.734375
1984-07-22 13:00:00,895.703125
1984-07-23 13:00:00,858.671875
1984-07-24 13:00:00,833.765625
1984-07-25 13:00:00,867.15625
1984-07-26 13:00:00,921
1984-07-27 13:00:00,936.8125
1984-07-28 13:00:00,1009.953125
1984-07-29 13:00:00,1146.59375
1984-07-30 13:00:00,1211.84375
1984-07-31 13:00:00,1189.1875
1984-08-01 13:00:00,1127.921875
1984-08-02 13:00:00,1051.109375
1984-08-03 13:00:00,966.8125
1984-08-04 13:00:00,913.125
1984-08-05 13:00:00,905.296875
1984-08-06 13:00:00,925.4375
1984-08-07 13:00:00,944.46875
1984-08-08 13:00:00,933.53125
1984-08-09 13:00:00,941.90625
1984-08-10 13:00:00,979.65625
1984-08-11 13:00:00,973.859375
1984-08-12 13:00:00,960.109375
1984-08-13 13:00:00,968.28125
1984-08-14 13:00:00,1125.703125
1984-08-15 13:00:00,1375.625
1984-08-16 13:00:00,1473.359375
1984-08-17 13:00:00,1445.703125
1984-08-18 13:00:00,1424.03125
1984-08-19 13:00:00,1390.140625
1984-08-20 13:00:00,1322.1875
1984-08-21 13:00:00,1244.9375
1984-08-22 13:00:00,1196.1875
1984-08-23 13:00:00,1145.03125
1984-08-24 13:00:00,1075.75
1984-08-25 13:00:00,1006.71875
1984-08-26 13:00:00,939.5
1984-08-27 13:00:00,869.125
1984-08-28 13:00:00,809.390625
1984-08-29 13:00:00,774.546875
1984-08-30 13:00:00,739.859375
1984-08-31 13:00:00,696.296875
1984-09-01 13:00:00,661.03125
1984-09-02 13:00:00,640.71875
1984-09-03 13:00:00,660.234375
1984-09-04 13:00:00,674.75
1984-09-05 13:00:00,732.953125
1984-09-06 13:00:00,962.15625
1984-09-07 13:00:00,1305.765625
1984-09-08 13:00:00,1397.84375
1984-09-09 13:00:00,1307.125
1984-09-10 13:00:00,1203.15625
1984-09-11 13:00:00,1124.078125
1984-09-12 13:00:00,1067.6875
1984-09-13 13:00:00,1022.015625
1984-09-14 13:00:00,989.34375
1984-09-15 13:00:00,960.265625
1984-09-16 13:00:00,916.609375
1984-09-17 13:00:00,882.359375
1984-09-18 13:00:00,849.765625
1984-09-19 13:00:00,794.59375
1984-09-20 13:00:00,733.4375
1984-09-21 13:00:00,707.515625
1984-09-22 13:00:00,724.015625
1984-09-23 13:00:00,775.1875
1984-09-24 13:00:00,813.25
1984-09-25 13:00:00,835.46875
1984-09-26 13:00:00,829.125
1984-09-27 13:00:00,788.609375
1984-09-28 13:00:00,741.234375
1984-09-29 13:00:00,735.078125
1984-09-30 12:00:00,815.09375
1984-10-01 12:00:00,924.9375
1984-10-02 12:00:00,986.8125
1984-10-03 12:00:00,968.765625
1984-10-04 12:00:00,906.265625
1984-10-05 12:00:00,840.71875
1984-10-06 12:00:00,779.09375
1984-10-07 12:00:00,715.90625
1984-10-08 12:00:00,652.96875
1984-10-09 12:00:00,595.875
1984-10-10 12:00:00,544.75
1984-10-11 12:00:00,498.71875
1984-10-12 12:00:00,453.765625
1984-10-13 12:00:00,413.546875
1984-10-14 12:00:00,377.40625
1984-10-15 12:00:00,344.21875
1984-10-16 12:00:00,313.5
1984-10-17 12:00:00,287.578125
1984-10-18 12:00:00,266.359375
1984-10-19 12:00:00,244.921875
1984-10-20 12:00:00,222.328125
1984-10-21 12:00:00,201.125
1984-10-22 12:00:00,181.546875
1984-10-23 12:00:00,163.625
1984-10-24 12:00:00,147
1984-10-25 12:00:00,131.609375
1984-10-26 12:00:00,117.40625
1984-10-27 12:00:00,104.25
1984-10-28 12:00:00,92.140625
1984-10-29 12:00:00,81.046875
1984-10-30 12:00:00,72.515625
1984-10-31 12:00:00,66.40625
1984-11-01 12:00:00,60.5
1984-11-02 12:00:00,52.59375
1984-11-03 12:00:00,45.046875
1984-11-04 12:00:00,38.390625
1984-11-05 12:00:00,32.421875
1984-11-06 12:00:00,27.15625
1984-11-07 12:00:00,22.609375
1984-11-08 12:00:00,18.75
1984-11-09 12:00:00,15.40625
1984-11-10 12:00:00,12.5625
1984-11-11 12:00:00,10.1875
1984-11-12 12:00:00,8.203125
1984-11-13 12:00:00,6.5625
1984-11-14 12:00:00,5.234375
1984-11-15 12:00:00,4.171875
1984-11-16 12:00:00,3.359375
1984-11-17 12:00:00,2.703125
1984-11-18 12:00:00,2.1875
1984-11-19 12:00:00,1.796875
1984-11-20 12:00:00,1.46875
1984-11-21 12:00:00,1.203125
1984-11-22 12:00:00,0.984375
1984-11-23 12:00:00,0.796875
1984-11-24 12:00:00,0.65625
1984-11-25 12:00:00,0.53125
1984-11-26 12:00:00,0.453125
1984-11-27 12:00:00,0.375
1984-11-28 12:00:00,0.3125
1984-11-29 12:00:00,0.265625
1984-11-30 12:00:00,0.234375
1984-12-01 12:00:00,0.203125
1984-12-02 12:00:00,0.171875
1984-12-03 12:00:00,0.15625
1984-12-04 12:00:00,0.140625
1984-12-05 12:00:00,0.125
1984-12-06 12:00:00,0.109375
1984-12-07 12:00:00,0.09375
1984-12-08 12:00:00,0.078125
1984-12-09 12:00:00,0.078125
1984-12-10 12:00:00,0.0625
1984-12-11 12:00:00,0.0625
1984-12-12 12:00:00,0.046875
1984-12-13 12:00:00,0.046875
1984-12-14 12:00:00,0.046875
1984-12-15 12:00:00,0.03125
1984-12-16 12:00:00,0.03125
1984-12-17 12:00:00,0.03125
1984-12-18 12:00:00,0.03125
1984-12-19 12:00:00,0.015625
1984-12-20 12:00:00,0.015625
1984-12-21 12:00:00,0.015625
1984-12-22 12:00:00,0.015625
1984-12-23 12:00:00,0.015625
1984-12-24 12:00:00,0.015625
1984-12-25 12:00:00,0
1984-12-26 12:00:00,0
1984-12-27 12:00:00,0
1984-12-28 12:00:00,0
1984-12-29 12:00:00,0
1984-12-30 12:00:00,0
1984-12-31 12:00:00,0
1985-01-01 12:00:00,0
